Date,Max:Overall Application Performance|digital_vendomatic|Average Response Time (ms),Max:Overall Application Performance|digital_vendomatic|Calls per Minute,Max:Application Infrastructure Performance|digital_vendomatic|Hardware Resources|CPU|%Busy,Max:Application Infrastructure Performance|digital_vendomatic|Hardware Resources|CPU|%Stolen,Max:Application Infrastructure Performance|digital_vendomatic|Hardware Resources|Memory|Free %,Max:Application Infrastructure Performance|digital_vendomatic|Hardware Resources|Memory|Used %,Max:Application Infrastructure Performance|digital_vendomatic|Hardware Resources|Network|Incoming packets/sec,Max:Application Infrastructure Performance|digital_vendomatic|Hardware Resources|Network|Outgoing packets/sec,Max:Application Infrastructure Performance|digital_vendomatic|Hardware Resources|Network|Incoming KB/sec,Max:Application Infrastructure Performance|digital_vendomatic|Hardware Resources|Network|Outgoing KB/sec,Max:Application Infrastructure Performance|digital_vendomatic|Hardware Resources|Disks|Reads/sec,Max:Application Infrastructure Performance|digital_vendomatic|Hardware Resources|Disks|Writes/sec,Max:Application Infrastructure Performance|digital_vendomatic|Hardware Resources|Disks|KB read/sec,Max:Application Infrastructure Performance|digital_vendomatic|Hardware Resources|Disks|KB written/sec
11/06/2019 10:01:00 PM,20,10,27,0,92,90,37,34,16,21,0,3,0,15
11/06/2019 10:02:00 PM,26,12,27,0,92,90,41,43,11,13,0,6,0,24
11/06/2019 10:03:00 PM,34,17,27,0,92,90,46,43,22,13,0,4,0,17
11/06/2019 10:04:00 PM,34,17,27,0,92,90,36,38,6,11,0,5,0,22
11/06/2019 10:05:00 PM,38,17,27,0,93,90,28,29,9,22,0,4,0,17
11/06/2019 10:06:00 PM,49,17,27,0,93,90,59,57,23,14,0,3,0,12
11/06/2019 10:07:00 PM,34,20,27,0,93,90,15,17,6,6,0,4,0,15
11/06/2019 10:08:00 PM,36,18,27,0,93,90,40,42,9,12,0,4,0,16
11/06/2019 10:09:00 PM,27,14,27,0,93,90,21,20,8,23,0,2,0,8
11/06/2019 10:10:00 PM,26,9,27,0,93,90,35,33,15,9,0,3,0,12
11/06/2019 10:11:00 PM,17,10,27,0,92,90,37,39,8,12,0,3,0,13
11/06/2019 10:12:00 PM,30,11,26,0,92,90,26,27,7,8,0,3,0,15
11/06/2019 10:13:00 PM,19,11,27,0,92,90,17,19,6,23,0,1,0,5
11/06/2019 10:14:00 PM,21,9,28,0,92,90,26,26,9,8,0,3,0,14
11/06/2019 10:15:00 PM,17,8,14,0,92,90,9,10,2,5,0,2,0,11
11/06/2019 10:16:00 PM,19,9,22,0,92,90,38,41,15,11,0,3,0,14
11/06/2019 10:17:00 PM,18,10,26,0,92,90,16,17,6,21,0,2,0,12
11/06/2019 10:18:00 PM,18,11,27,0,92,90,32,31,7,10,0,5,0,20
11/06/2019 10:19:00 PM,16,8,27,0,92,90,25,26,7,7,0,11,0,47
11/06/2019 10:20:00 PM,16,8,27,0,92,90,39,34,15,10,0,2,0,10
11/06/2019 10:21:00 PM,18,10,69,0,92,96,45,44,17,11,0,17,0,69
11/06/2019 10:22:00 PM,22,11,65,0,92,96,39,42,8,10,0,41,0,165
11/06/2019 10:23:00 PM,15,10,65,0,92,97,42,45,5,11,0,19,0,78
11/06/2019 10:24:00 PM,17,9,62,0,92,97,27,27,9,8,0,3,0,12
11/06/2019 10:25:00 PM,16,8,67,0,92,97,44,38,18,13,0,15,0,62
11/06/2019 10:26:00 PM,17,9,67,0,92,98,35,36,3,11,0,17,0,67
11/06/2019 10:27:00 PM,20,11,64,1,92,98,18,17,8,22,0,716,0,2865
11/06/2019 10:28:00 PM,16,11,65,0,92,98,26,27,8,8,0,3,0,15
11/06/2019 10:29:00 PM,22,9,13,0,92,90,19,19,8,23,0,17,0,71
11/06/2019 10:30:00 PM,16,8,16,0,92,90,14,16,2,22,0,3,0,11
11/06/2019 10:31:00 PM,23,9,13,0,92,90,11,11,3,6,0,2,0,9
11/06/2019 10:32:00 PM,30,11,23,0,92,90,42,41,17,12,0,4,0,16
11/06/2019 10:33:00 PM,35,14,36,0,92,90,59,54,21,16,0,5,0,21
11/06/2019 10:34:00 PM,37,17,27,0,92,90,37,39,7,11,0,17,0,70
11/06/2019 10:35:00 PM,36,17,28,0,92,90,30,31,10,10,0,3,4,14
11/06/2019 10:36:00 PM,36,18,28,0,92,90,30,32,10,9,1,4,4,17
11/06/2019 10:37:00 PM,34,20,27,0,92,90,12,12,6,6,0,2,0,11
11/06/2019 10:38:00 PM,31,19,24,0,92,90,59,56,22,24,0,3,0,14
11/06/2019 10:39:00 PM,34,15,27,0,92,90,37,40,7,23,0,3,0,15
11/06/2019 10:40:00 PM,26,9,27,0,92,90,12,13,3,6,0,13,0,54
11/06/2019 10:41:00 PM,17,10,27,0,92,90,41,38,16,11,0,3,0,15
11/06/2019 10:42:00 PM,20,11,27,0,92,90,33,31,7,10,0,4,0,19
11/06/2019 10:43:00 PM,18,11,27,0,92,90,13,13,5,6,0,3,0,15
11/06/2019 10:44:00 PM,16,9,27,0,92,90,39,36,15,23,0,2,0,10
11/06/2019 10:45:00 PM,18,8,27,0,92,90,39,39,8,12,0,3,0,15
11/06/2019 10:46:00 PM,19,9,26,0,92,90,31,31,4,10,0,4,0,17
11/06/2019 10:47:00 PM,21,11,27,0,92,90,53,51,17,22,0,4,0,16
11/06/2019 10:48:00 PM,17,11,27,0,92,90,40,40,9,12,0,3,0,15
11/06/2019 10:49:00 PM,17,9,27,0,92,90,34,35,5,11,0,3,0,15
11/06/2019 10:50:00 PM,16,8,27,0,92,90,9,9,2,5,0,2,0,9
11/06/2019 10:51:00 PM,17,9,27,0,92,90,27,27,8,23,0,3,0,12
11/06/2019 10:52:00 PM,20,10,13,0,92,90,10,11,5,6,0,3,0,12
11/06/2019 10:53:00 PM,16,11,20,0,92,90,20,20,8,23,0,2,0,10
11/06/2019 10:54:00 PM,18,9,17,0,92,90,17,18,4,23,0,2,0,9
11/06/2019 10:55:00 PM,20,8,21,0,92,90,42,38,16,11,0,2,0,9
11/06/2019 10:56:00 PM,20,9,27,0,92,90,36,36,7,11,0,4,0,17
11/06/2019 10:57:00 PM,23,12,69,1,92,96,44,40,16,11,0,19,0,78
11/06/2019 10:58:00 PM,18,11,64,0,92,96,40,43,7,11,0,42,0,170
11/06/2019 10:59:00 PM,19,9,73,0,92,97,39,42,9,10,0,19,0,75
11/06/2019 11:00:00 PM,17,8,64,0,92,97,14,18,2,5,0,3,0,14
11/06/2019 11:01:00 PM,39,10,70,0,92,97,32,35,7,9,0,10,0,42
11/06/2019 11:02:00 PM,26,12,65,0,92,98,22,23,5,23,0,16,0,66
11/06/2019 11:03:00 PM,27,15,64,0,92,98,46,45,20,15,0,708,0,2834
11/06/2019 11:04:00 PM,34,16,63,0,92,98,30,32,7,9,0,15,0,61
11/06/2019 11:05:00 PM,48,17,27,0,92,90,16,18,5,23,0,16,0,65
11/06/2019 11:06:00 PM,31,17,28,0,92,90,22,23,7,7,0,2,0,11
11/06/2019 11:07:00 PM,27,21,22,0,92,90,45,47,21,14,0,4,0,17
11/06/2019 11:08:00 PM,29,19,27,0,92,90,17,17,7,8,0,6,0,23
11/06/2019 11:09:00 PM,30,14,37,0,92,90,29,32,8,21,0,17,0,70
11/06/2019 11:10:00 PM,20,9,27,0,92,90,39,36,14,10,0,3,0,12
11/06/2019 11:11:00 PM,22,10,27,0,92,90,40,42,9,12,0,3,0,13
11/06/2019 11:12:00 PM,30,11,27,0,92,90,31,32,7,9,0,3,0,15
11/06/2019 11:13:00 PM,19,11,27,0,92,90,17,19,4,23,0,2,0,8
11/06/2019 11:14:00 PM,18,9,27,0,92,90,27,27,9,8,0,3,0,11
11/06/2019 11:15:00 PM,17,8,13,0,92,90,10,11,2,5,0,1,0,7
11/06/2019 11:16:00 PM,17,10,17,0,92,90,17,18,4,23,0,1,0,7
11/06/2019 11:17:00 PM,25,11,19,0,92,90,11,12,5,5,0,3,0,11
11/06/2019 11:18:00 PM,15,11,21,0,92,90,48,45,17,13,0,3,0,13
11/06/2019 11:19:00 PM,16,9,27,0,92,90,10,10,3,5,0,2,0,10
11/06/2019 11:20:00 PM,24,8,27,0,92,90,38,40,16,12,0,6,0,25
11/06/2019 11:21:00 PM,16,10,26,0,92,90,51,50,19,13,0,4,0,18
11/06/2019 11:22:00 PM,26,11,27,0,92,90,36,38,8,11,0,4,0,17
11/06/2019 11:23:00 PM,18,11,27,0,92,90,44,42,16,12,0,3,0,14
11/06/2019 11:24:00 PM,20,9,58,0,92,94,37,39,6,22,0,5,0,22
11/06/2019 11:25:00 PM,17,8,74,1,92,96,46,42,18,12,0,49,0,197
11/06/2019 11:26:00 PM,20,9,65,0,92,97,31,32,8,23,0,18,0,73
11/06/2019 11:27:00 PM,22,11,67,0,92,97,41,43,12,23,0,16,0,67
11/06/2019 11:28:00 PM,18,11,63,0,92,97,14,18,5,5,0,13,0,54
11/06/2019 11:29:00 PM,16,10,68,0,92,98,40,37,16,22,0,17,0,71
11/06/2019 11:30:00 PM,16,8,64,0,92,98,37,40,7,12,0,721,0,2886
11/06/2019 11:31:00 PM,22,10,52,1,92,94,29,30,5,16,0,617,0,2469
11/06/2019 11:32:00 PM,28,11,64,0,92,98,29,30,9,22,0,17,0,70
11/06/2019 11:33:00 PM,30,17,27,0,92,90,25,27,7,8,0,3,0,16
11/06/2019 11:34:00 PM,45,17,24,0,92,90,41,40,18,11,0,3,0,13
11/06/2019 11:35:00 PM,35,17,27,0,92,90,30,31,6,23,0,5,0,19
11/06/2019 11:36:00 PM,28,18,27,0,92,90,19,19,9,22,0,4,0,14
11/06/2019 11:37:00 PM,27,20,27,0,92,90,25,26,8,8,0,3,0,13
11/06/2019 11:38:00 PM,33,20,27,0,92,90,17,16,8,6,0,3,0,12
11/06/2019 11:39:00 PM,28,14,13,0,92,90,14,14,6,6,0,2,0,9
11/06/2019 11:40:00 PM,17,9,16,0,92,90,14,15,5,21,0,3,0,12
11/06/2019 11:41:00 PM,19,10,21,0,92,90,44,40,19,12,0,3,0,11
11/06/2019 11:42:00 PM,18,11,27,0,92,90,42,36,20,12,0,3,0,13
11/06/2019 11:43:00 PM,19,11,27,0,92,90,35,37,5,11,0,4,0,19
11/06/2019 11:44:00 PM,17,9,27,0,92,90,10,10,4,6,0,3,0,12
11/06/2019 11:45:00 PM,22,8,27,0,92,90,30,30,7,9,0,3,0,15
11/06/2019 11:46:00 PM,19,9,27,0,92,90,45,43,16,11,0,3,0,13
11/06/2019 11:47:00 PM,29,11,26,0,91,90,35,34,8,10,0,3,0,14
11/06/2019 11:48:00 PM,70,32,27,0,91,90,44,38,31,15,0,2,0,12
11/06/2019 11:49:00 PM,55,27,27,0,92,90,33,34,26,14,0,3,0,15
11/06/2019 11:50:00 PM,18,8,27,0,92,90,33,34,6,11,0,3,0,15
11/06/2019 11:51:00 PM,18,10,27,0,92,90,38,36,17,10,0,2,0,11
11/06/2019 11:52:00 PM,20,10,27,0,93,90,42,40,16,22,0,4,0,16
11/06/2019 11:53:00 PM,17,10,27,0,93,90,38,38,10,11,0,6,0,24
11/06/2019 11:54:00 PM,37,9,27,0,93,90,45,44,17,22,0,3,0,15
11/06/2019 11:55:00 PM,17,8,27,0,92,90,21,22,6,6,0,2,0,12
11/06/2019 11:56:00 PM,17,9,27,0,92,90,35,37,8,12,0,5,0,23
11/06/2019 11:57:00 PM,27,11,27,0,92,90,23,24,6,7,0,2,0,11
11/06/2019 11:58:00 PM,24,10,64,0,92,95,44,43,17,22,0,3,0,14
11/06/2019 11:59:00 PM,17,9,62,0,92,96,41,43,14,23,0,34,0,139
11/07/2019 12:00:00 AM,17,8,68,0,92,97,44,40,18,23,0,17,0,71
11/07/2019 12:01:00 AM,20,10,67,0,92,97,41,40,6,12,0,18,1,73
11/07/2019 12:02:00 AM,31,12,65,0,92,97,20,22,5,9,0,3,0,13
11/07/2019 12:03:00 AM,34,15,74,0,92,98,33,36,9,10,0,16,0,66
11/07/2019 12:04:00 AM,32,17,64,0,92,98,23,22,14,23,0,186,0,746
11/07/2019 12:05:00 AM,26,17,57,1,92,94,16,17,5,15,0,660,0,2642
11/07/2019 12:06:00 AM,29,18,59,0,92,99,18,17,9,22,0,20,0,83
11/07/2019 12:07:00 AM,47,20,23,0,91,90,46,43,20,13,0,3,0,14
11/07/2019 12:08:00 AM,32,20,27,0,92,90,34,34,8,10,0,4,0,19
11/07/2019 12:09:00 AM,27,15,28,0,91,90,26,25,6,8,0,4,0,16
11/07/2019 12:10:00 AM,17,9,27,0,91,90,26,26,8,8,0,2,0,9
11/07/2019 12:11:00 AM,18,10,27,0,91,90,28,29,7,9,0,3,0,13
11/07/2019 12:12:00 AM,23,11,13,0,84,90,18,17,8,6,0,2,0,10
11/07/2019 12:13:00 AM,16,10,17,0,92,90,17,18,7,22,0,3,0,12
11/07/2019 12:14:00 AM,16,9,17,0,92,90,18,18,7,22,0,2,0,9
11/07/2019 12:15:00 AM,15,8,14,0,92,90,10,11,2,5,0,1,0,7
11/07/2019 12:16:00 AM,17,10,14,0,92,90,18,17,8,5,0,2,0,8
11/07/2019 12:17:00 AM,31,10,14,0,92,90,10,11,4,6,0,2,0,9
11/07/2019 12:18:00 AM,16,11,23,0,92,90,49,46,18,14,0,3,0,13
11/07/2019 12:19:00 AM,16,9,27,0,92,90,32,33,4,10,0,3,0,15
11/07/2019 12:20:00 AM,16,8,28,0,92,90,16,16,6,6,0,3,0,12
11/07/2019 12:21:00 AM,63,31,27,0,92,90,25,26,16,10,0,3,0,13
11/07/2019 12:22:00 AM,56,31,27,0,92,90,24,26,30,14,0,3,0,12
11/07/2019 12:23:00 AM,17,11,23,0,92,90,62,58,21,16,0,3,0,13
11/07/2019 12:24:00 AM,17,9,27,0,92,90,32,31,4,10,0,3,0,15
11/07/2019 12:25:00 AM,18,8,27,0,92,90,36,38,4,11,0,5,0,23
11/07/2019 12:26:00 AM,19,9,27,0,92,90,27,28,9,8,0,2,0,11
11/07/2019 12:27:00 AM,17,10,27,0,92,90,13,14,4,6,0,3,0,11
11/07/2019 12:28:00 AM,17,11,14,0,92,90,36,33,14,10,0,2,0,10
11/07/2019 12:29:00 AM,16,10,27,0,92,90,38,41,11,24,0,12,0,50
11/07/2019 12:30:00 AM,16,8,27,0,92,90,29,31,3,23,0,4,0,17
11/07/2019 12:31:00 AM,17,9,66,1,92,95,44,40,17,12,0,21,1,87
11/07/2019 12:32:00 AM,17,11,75,0,92,96,46,44,15,12,0,35,0,141
11/07/2019 12:33:00 AM,28,11,65,0,92,97,45,43,18,13,0,18,0,72
11/07/2019 12:34:00 AM,20,9,64,0,92,97,43,38,16,12,0,3,0,13
11/07/2019 12:35:00 AM,18,8,68,0,92,97,37,38,9,11,0,16,2,64
11/07/2019 12:36:00 AM,21,10,64,0,92,98,34,34,8,11,0,18,0,73
11/07/2019 12:37:00 AM,20,11,63,1,92,98,26,24,6,23,0,745,0,2982
11/07/2019 12:38:00 AM,17,11,63,0,92,98,46,43,18,12,0,37,0,150
11/07/2019 12:39:00 AM,18,9,61,0,91,94,36,36,5,23,0,17,0,68
11/07/2019 12:40:00 AM,26,8,26,0,91,90,48,46,18,14,0,3,0,12
11/07/2019 12:41:00 AM,17,10,28,0,92,90,32,34,6,22,0,4,0,16
11/07/2019 12:42:00 AM,17,11,27,0,92,90,11,12,5,6,0,3,0,11
11/07/2019 12:43:00 AM,20,11,27,0,92,90,26,27,8,8,0,3,0,12
11/07/2019 12:44:00 AM,16,9,27,0,92,90,19,20,8,24,0,3,0,12
11/07/2019 12:45:00 AM,20,8,14,0,92,90,10,10,2,6,0,2,0,9
11/07/2019 12:46:00 AM,17,9,20,0,92,90,18,17,7,22,0,2,0,10
11/07/2019 12:47:00 AM,21,10,13,0,92,90,11,11,5,6,0,2,0,9
11/07/2019 12:48:00 AM,14,11,23,0,92,90,19,17,8,6,0,2,0,9
11/07/2019 12:49:00 AM,18,9,13,0,92,90,9,10,5,6,0,17,0,71
11/07/2019 12:50:00 AM,16,8,18,0,92,90,17,16,8,6,0,3,0,12
11/07/2019 12:51:00 AM,16,9,14,0,92,90,11,11,4,5,0,3,0,12
11/07/2019 12:52:00 AM,16,11,58,0,92,92,11,11,5,6,0,2,0,9
11/07/2019 12:53:00 AM,20,11,72,1,92,96,50,48,17,13,0,43,0,174
11/07/2019 12:54:00 AM,18,9,64,0,92,97,37,37,10,11,0,17,0,70
11/07/2019 12:55:00 AM,24,8,72,0,92,97,39,41,5,11,0,16,0,65
11/07/2019 12:56:00 AM,16,10,62,0,92,97,14,18,4,6,0,3,0,14
11/07/2019 12:57:00 AM,20,11,67,0,92,98,28,31,9,9,0,16,0,66
11/07/2019 12:58:00 AM,19,11,65,0,92,98,10,12,3,5,1,17,15,70
11/07/2019 12:59:00 AM,16,9,60,1,92,94,16,18,4,23,0,676,2,2703
11/07/2019 01:00:00 AM,16,8,61,0,92,98,44,42,17,22,0,17,0,70
11/07/2019 01:01:00 AM,19,10,27,0,92,90,38,39,7,12,0,6,0,24
11/07/2019 01:02:00 AM,18,11,27,0,92,90,33,32,5,10,0,5,0,20
11/07/2019 01:03:00 AM,20,11,27,0,92,90,39,37,15,11,0,4,0,16
11/07/2019 01:04:00 AM,20,9,27,0,92,90,27,28,7,9,0,4,0,18
11/07/2019 01:05:00 AM,17,8,27,0,92,90,16,18,2,7,0,4,0,16
11/07/2019 01:06:00 AM,16,9,27,0,92,90,30,31,9,23,0,3,0,13
11/07/2019 01:07:00 AM,18,10,27,0,92,90,19,18,9,22,0,4,0,15
11/07/2019 01:08:00 AM,16,11,14,0,92,90,10,10,5,5,0,2,0,9
11/07/2019 01:09:00 AM,18,9,21,0,92,90,56,52,18,14,0,3,0,12
11/07/2019 01:10:00 AM,33,8,26,0,92,90,24,25,8,23,0,2,0,11
11/07/2019 01:11:00 AM,16,9,27,0,92,90,43,42,16,12,0,5,0,21
11/07/2019 01:12:00 AM,19,11,27,0,92,90,40,36,17,11,0,3,0,16
11/07/2019 01:13:00 AM,18,10,27,0,92,90,34,33,8,12,0,3,0,14
11/07/2019 01:14:00 AM,17,9,29,0,91,90,50,44,23,13,0,3,0,13
11/07/2019 01:15:00 AM,16,8,27,0,92,90,42,37,16,23,0,12,0,49
11/07/2019 01:16:00 AM,18,10,27,0,92,90,35,35,7,11,0,4,0,19
11/07/2019 01:17:00 AM,1772,22,27,0,92,90,38,38,31,23,0,5,0,23
11/07/2019 01:18:00 AM,446,20,27,0,92,90,30,32,27,22,0,4,0,17
11/07/2019 01:19:00 AM,94,10,27,0,92,90,22,22,7,8,0,3,0,13
11/07/2019 01:20:00 AM,72,9,13,0,92,90,10,11,3,6,0,2,0,9
11/07/2019 01:21:00 AM,30,11,16,0,92,90,20,19,8,23,0,3,0,12
11/07/2019 01:22:00 AM,92,15,20,0,92,90,39,37,15,11,0,3,0,13
11/07/2019 01:23:00 AM,22,11,26,0,92,90,33,35,7,10,0,3,0,14
11/07/2019 01:24:00 AM,49,9,27,0,92,90,30,30,6,9,0,3,0,13
11/07/2019 01:25:00 AM,17,8,59,0,92,94,11,11,2,6,0,2,0,9
11/07/2019 01:26:00 AM,67,11,65,0,92,96,46,45,16,12,0,37,0,149
11/07/2019 01:27:00 AM,18,12,73,0,92,97,28,29,4,8,0,18,0,75
11/07/2019 01:28:00 AM,73,11,71,0,92,97,50,49,23,14,0,20,5,82
11/07/2019 01:29:00 AM,61236,14,65,0,92,97,33,35,19,22,0,13,1,53
11/07/2019 01:30:00 AM,262,15,67,0,92,98,31,35,6,9,0,15,0,63
11/07/2019 01:31:00 AM,18,9,64,1,92,98,42,40,16,11,0,748,2,2995
11/07/2019 01:32:00 AM,27,10,27,0,92,94,39,40,6,15,0,152,0,610
11/07/2019 01:33:00 AM,20,10,63,0,92,98,21,21,8,24,0,18,0,73
11/07/2019 01:34:00 AM,18,9,28,0,92,90,31,30,9,10,0,3,0,11
11/07/2019 01:35:00 AM,21,8,24,0,92,90,57,52,20,14,0,2,0,11
11/07/2019 01:36:00 AM,32,11,26,0,92,90,43,40,18,12,0,5,0,22
11/07/2019 01:37:00 AM,20,11,26,0,92,90,36,38,11,23,0,3,0,14
11/07/2019 01:38:00 AM,18,11,28,0,92,90,23,23,8,7,0,3,0,14
11/07/2019 01:39:00 AM,22,9,27,0,92,90,27,27,8,9,0,2,0,10
11/07/2019 01:40:00 AM,987,16,27,0,92,90,19,18,8,13,0,3,0,12
11/07/2019 01:41:00 AM,81,22,16,0,92,90,20,19,9,22,0,17,0,68
11/07/2019 01:42:00 AM,98,14,22,0,92,90,42,39,18,23,0,5,0,21
11/07/2019 01:43:00 AM,48,10,27,0,92,90,56,53,19,13,0,3,0,15
11/07/2019 01:44:00 AM,21,9,27,0,92,90,35,35,6,10,0,4,0,19
11/07/2019 01:45:00 AM,18,8,27,0,92,90,25,26,6,8,0,3,0,12
11/07/2019 01:46:00 AM,20,9,28,0,92,90,42,41,18,13,0,3,0,14
11/07/2019 01:47:00 AM,20,11,26,0,92,90,42,39,16,11,0,2,0,11
11/07/2019 01:48:00 AM,17,10,27,0,92,90,37,37,10,23,0,3,0,15
11/07/2019 01:49:00 AM,17,9,27,0,92,90,37,37,10,22,0,5,0,22
11/07/2019 01:50:00 AM,16,8,27,0,92,90,10,10,3,6,0,3,0,14
11/07/2019 01:51:00 AM,16,11,27,0,92,90,29,30,8,10,0,3,0,14
11/07/2019 01:52:00 AM,19,12,61,1,92,96,60,58,19,22,2,18,43,74
11/07/2019 01:53:00 AM,1637,16,74,0,92,96,42,45,7,12,0,51,0,206
11/07/2019 01:54:00 AM,991,22,69,0,92,97,39,40,35,25,0,18,0,73
11/07/2019 01:55:00 AM,92,23,66,0,92,97,27,30,7,17,0,3,0,15
11/07/2019 01:56:00 AM,61084,13,69,0,92,97,44,42,25,15,0,13,0,54
11/07/2019 01:57:00 AM,336,13,66,0,92,98,35,38,8,11,0,16,0,64
11/07/2019 01:58:00 AM,16,11,64,1,92,98,31,32,5,15,0,730,0,2920
11/07/2019 01:59:00 AM,17,9,64,0,92,98,15,12,9,6,0,15,0,61
11/07/2019 02:00:00 AM,71,9,27,0,92,90,26,27,6,22,0,19,0,75
11/07/2019 02:01:00 AM,16,9,24,0,92,90,62,57,19,16,0,3,0,12
11/07/2019 02:02:00 AM,19,10,27,0,92,90,36,37,5,11,0,4,0,16
11/07/2019 02:03:00 AM,21,10,27,0,92,90,19,19,7,22,0,3,0,12
11/07/2019 02:04:00 AM,17,9,27,0,92,90,26,28,6,8,0,2,0,11
11/07/2019 02:05:00 AM,16,8,27,0,92,90,11,12,2,6,0,3,0,11
11/07/2019 02:06:00 AM,17,9,14,0,92,90,11,11,3,6,0,1,0,7
11/07/2019 02:07:00 AM,16,12,17,0,92,90,21,20,9,22,0,2,0,8
11/07/2019 02:08:00 AM,18,11,21,0,92,90,40,39,16,11,0,3,0,14
11/07/2019 02:09:00 AM,19,9,27,0,92,90,58,55,17,14,0,3,0,12
11/07/2019 02:10:00 AM,17,8,27,0,92,90,33,32,8,10,0,5,0,21
11/07/2019 02:11:00 AM,19,10,27,0,92,90,40,35,15,11,0,3,0,13
11/07/2019 02:12:00 AM,18,11,27,0,92,90,37,36,11,11,0,4,0,16
11/07/2019 02:13:00 AM,17,11,27,0,92,90,47,44,11,13,0,5,0,21
11/07/2019 02:14:00 AM,18,9,27,0,92,90,40,37,17,22,0,2,0,8
11/07/2019 02:15:00 AM,29,8,52,0,92,90,41,36,18,10,0,5,0,20
11/07/2019 02:16:00 AM,34,11,61,0,91,98,34,35,6,10,27,7,798,31
11/07/2019 02:17:00 AM,33,12,62,0,91,99,15,17,5,23,91,19,2522,76
11/07/2019 02:18:00 AM,26,11,62,0,91,99,26,27,6,8,115,28,1742,114
11/07/2019 02:19:00 AM,22,9,61,0,91,99,10,10,4,5,65,41,1817,165
11/07/2019 02:20:00 AM,23,8,62,0,91,99,9,10,3,6,58,50,1403,199
11/07/2019 02:21:00 AM,20,9,61,0,91,99,20,19,9,23,62,32,2272,128
11/07/2019 02:22:00 AM,25,10,61,0,91,99,44,42,17,12,86,21,3130,86
11/07/2019 02:23:00 AM,25,11,100,0,91,99,36,36,5,12,192,7,1795,31
11/07/2019 02:24:00 AM,17,9,100,0,92,98,46,43,16,12,173,36,2499,145
11/07/2019 02:25:00 AM,18,8,100,0,92,99,40,41,9,13,89,15,1333,60
11/07/2019 02:26:00 AM,21,9,100,0,92,98,29,30,4,9,20,21,1332,87
11/07/2019 02:27:00 AM,18,12,100,0,92,98,19,22,5,7,7,9,213,37
11/07/2019 02:28:00 AM,19,10,100,0,92,98,28,29,10,23,34,8,1682,32
11/07/2019 02:29:00 AM,17,10,64,0,92,93,41,40,18,13,27,17,165,70
11/07/2019 02:30:00 AM,23,8,65,0,92,94,49,47,16,23,2,4,16,18
11/07/2019 02:31:00 AM,31,9,72,1,92,94,36,38,6,14,137,706,1092,2826
11/07/2019 02:32:00 AM,33,10,63,0,92,95,36,36,9,12,0,17,11,71
11/07/2019 02:33:00 AM,20,11,28,0,92,87,15,17,4,22,0,3,0,12
11/07/2019 02:34:00 AM,18,9,28,0,92,87,29,29,9,10,0,3,0,12
11/07/2019 02:35:00 AM,17,8,35,0,92,87,39,35,15,23,0,17,8,70
11/07/2019 02:36:00 AM,16,11,26,0,91,87,36,37,7,11,0,3,0,14
11/07/2019 02:37:00 AM,21,12,27,0,92,87,29,28,7,23,0,3,0,15
11/07/2019 02:38:00 AM,16,11,27,0,92,87,56,53,21,14,0,3,0,13
11/07/2019 02:39:00 AM,19,9,27,0,92,87,32,32,9,10,0,3,0,15
11/07/2019 02:40:00 AM,17,8,27,0,92,87,30,32,3,10,0,14,0,55
11/07/2019 02:41:00 AM,18,9,27,0,92,87,25,25,9,8,0,2,0,10
11/07/2019 02:42:00 AM,22,10,27,0,92,87,29,31,9,21,0,3,0,13
11/07/2019 02:43:00 AM,16,11,14,0,92,87,11,11,5,6,0,2,1,10
11/07/2019 02:44:00 AM,16,9,16,0,92,87,17,17,5,22,0,2,0,10
11/07/2019 02:45:00 AM,17,8,24,0,92,87,43,37,17,21,0,3,0,13
11/07/2019 02:46:00 AM,18,9,26,0,92,87,35,36,5,11,0,5,0,22
11/07/2019 02:47:00 AM,24,10,26,0,92,87,41,41,14,13,0,4,0,17
11/07/2019 02:48:00 AM,31,11,27,0,92,87,26,27,9,9,0,5,0,22
11/07/2019 02:49:00 AM,27,9,26,0,92,87,27,29,3,8,0,4,0,16
11/07/2019 02:50:00 AM,17,8,26,0,92,87,27,28,8,9,0,3,0,12
11/07/2019 02:51:00 AM,44,9,27,0,92,87,54,52,18,22,0,3,0,13
11/07/2019 02:52:00 AM,20,12,27,0,92,87,35,36,7,10,0,3,0,13
11/07/2019 02:53:00 AM,20,11,27,0,92,87,35,37,5,11,0,5,0,21
11/07/2019 02:54:00 AM,32,9,27,0,92,87,43,39,16,23,0,4,0,16
11/07/2019 02:55:00 AM,27,8,28,0,92,87,27,28,6,9,0,3,2,13
11/07/2019 02:56:00 AM,32,11,27,0,92,87,17,18,3,7,0,4,0,16
11/07/2019 02:57:00 AM,19,12,27,0,92,87,30,31,8,23,0,3,0,13
11/07/2019 02:58:00 AM,18,11,64,0,92,93,46,45,16,11,0,18,23,74
11/07/2019 02:59:00 AM,16,9,63,0,92,93,39,39,16,11,1,46,6,185
11/07/2019 03:00:00 AM,16,8,71,0,92,94,38,39,4,23,0,18,0,75
11/07/2019 03:01:00 AM,20,9,66,0,92,94,29,29,3,8,0,3,6,15
11/07/2019 03:02:00 AM,19,11,68,0,92,94,55,50,19,13,0,17,0,68
11/07/2019 03:03:00 AM,19,11,66,0,92,95,36,35,5,11,0,16,0,65
11/07/2019 03:04:00 AM,20,9,67,0,92,95,15,16,4,14,2,705,11,2821
11/07/2019 03:05:00 AM,18,8,64,0,92,95,42,40,18,11,0,16,0,64
11/07/2019 03:06:00 AM,18,9,26,0,92,87,32,35,5,23,0,18,0,74
11/07/2019 03:07:00 AM,18,10,27,0,92,87,26,28,5,8,0,4,0,17
11/07/2019 03:08:00 AM,18,11,27,0,92,87,27,26,6,22,0,87,0,349
11/07/2019 03:09:00 AM,16,9,27,0,92,87,25,26,7,8,0,3,0,13
11/07/2019 03:10:00 AM,21,8,16,0,92,87,9,9,2,5,0,2,0,8
11/07/2019 03:11:00 AM,17,9,17,0,92,87,16,16,5,21,0,1,0,6
11/07/2019 03:12:00 AM,16,11,19,0,92,87,19,19,10,22,0,2,0,10
11/07/2019 03:13:00 AM,23,11,18,0,92,87,33,32,10,9,0,3,0,14
11/07/2019 03:14:00 AM,16,9,26,0,92,87,45,43,18,14,0,4,0,16
11/07/2019 03:15:00 AM,18,8,27,0,92,87,32,32,3,10,0,5,0,23
11/07/2019 03:16:00 AM,20,11,27,0,92,87,11,11,3,6,0,2,0,12
11/07/2019 03:17:00 AM,25,12,28,0,92,87,26,26,9,9,0,89,0,356
11/07/2019 03:18:00 AM,19,11,61,0,92,89,11,11,5,6,36,1488,4473,5955
11/07/2019 03:19:00 AM,18,9,14,0,92,87,9,10,4,5,0,284,0,1136
11/07/2019 03:20:00 AM,17,8,20,0,92,87,55,53,20,22,0,2,0,11
11/07/2019 03:21:00 AM,23,9,27,0,92,87,35,37,7,11,0,3,0,15
11/07/2019 03:22:00 AM,21,11,27,0,92,87,58,54,20,15,0,5,0,22
11/07/2019 03:23:00 AM,23,11,27,0,92,87,24,25,9,8,0,2,0,11
11/07/2019 03:24:00 AM,16,9,72,1,92,93,43,40,16,11,0,86,0,344
11/07/2019 03:25:00 AM,25,8,65,0,92,93,40,41,8,12,0,38,2,152
11/07/2019 03:26:00 AM,17,9,73,0,92,94,53,49,18,23,0,86,0,346
11/07/2019 03:27:00 AM,18,10,67,0,91,94,16,19,4,23,0,3,0,14
11/07/2019 03:28:00 AM,20,11,69,0,91,95,38,38,15,23,0,76,0,305
11/07/2019 03:29:00 AM,19,9,67,0,92,96,31,32,7,10,0,18,0,74
11/07/2019 03:30:00 AM,22,8,67,1,91,96,32,31,6,14,7,708,31,2835
11/07/2019 03:31:00 AM,20,9,64,0,92,96,31,32,8,22,0,16,3,64
11/07/2019 03:32:00 AM,20,10,27,0,92,88,18,18,5,23,0,19,0,76
11/07/2019 03:33:00 AM,17,11,24,0,92,88,40,37,18,11,0,3,0,14
11/07/2019 03:34:00 AM,20,9,27,0,92,88,33,33,11,23,0,5,0,20
11/07/2019 03:35:00 AM,16,8,27,0,92,88,11,11,2,6,0,3,9,12
11/07/2019 03:36:00 AM,17,11,27,0,92,88,56,52,18,15,0,4,0,17
11/07/2019 03:37:00 AM,47,12,27,0,92,88,36,36,5,11,0,5,0,20
11/07/2019 03:38:00 AM,19,11,27,0,92,88,12,12,5,5,0,3,0,12
11/07/2019 03:39:00 AM,17,9,27,0,92,88,26,27,9,23,0,2,0,11
11/07/2019 03:40:00 AM,16,8,16,0,92,88,10,11,3,5,0,2,0,10
11/07/2019 03:41:00 AM,17,9,15,0,92,88,11,12,3,6,0,2,0,8
11/07/2019 03:42:00 AM,16,10,17,0,92,88,18,20,5,24,0,2,0,10
11/07/2019 03:43:00 AM,15,11,15,0,92,88,10,10,5,5,0,2,2,9
11/07/2019 03:44:00 AM,17,9,15,0,92,88,38,35,14,10,0,2,0,8
11/07/2019 03:45:00 AM,18,8,27,0,92,88,41,43,9,13,0,3,0,15
11/07/2019 03:46:00 AM,20,9,27,0,92,88,37,38,4,11,0,87,0,351
11/07/2019 03:47:00 AM,19,10,27,0,92,88,39,36,16,10,0,2,0,8
11/07/2019 03:48:00 AM,16,11,27,0,92,88,39,42,10,13,0,3,3,13
11/07/2019 03:49:00 AM,16,9,69,0,92,94,44,42,16,11,1,39,7,158
11/07/2019 03:50:00 AM,18,8,67,0,92,94,40,42,8,11,0,12,0,48
11/07/2019 03:51:00 AM,16,10,90,0,92,94,38,41,6,23,0,19,0,77
11/07/2019 03:52:00 AM,18,11,67,0,92,95,64,60,22,16,0,3,0,14
11/07/2019 03:53:00 AM,19,11,69,0,92,95,35,37,7,23,0,18,0,75
11/07/2019 03:54:00 AM,23,9,67,0,92,96,35,35,5,11,0,16,0,65
11/07/2019 03:55:00 AM,22,8,68,1,92,96,30,31,8,15,0,678,0,2713
11/07/2019 03:56:00 AM,18,10,63,0,92,96,15,14,8,6,0,2,0,11
11/07/2019 03:57:00 AM,16,11,14,0,92,88,28,29,5,23,0,18,0,73
11/07/2019 03:58:00 AM,17,11,17,0,92,88,31,31,7,23,0,2,0,9
11/07/2019 03:59:00 AM,16,9,21,0,92,88,38,35,16,11,0,2,0,10
11/07/2019 04:00:00 AM,16,8,26,0,92,88,34,34,7,10,0,14,0,56
11/07/2019 04:01:00 AM,15,9,27,0,92,88,34,33,5,10,0,5,0,20
11/07/2019 04:02:00 AM,16,10,27,0,92,88,12,12,5,6,0,1,0,5
11/07/2019 04:03:00 AM,19,11,27,0,92,88,38,35,16,10,0,3,0,12
11/07/2019 04:04:00 AM,18,9,27,0,92,88,40,38,16,12,0,5,0,19
11/07/2019 04:05:00 AM,16,8,27,0,92,88,33,34,5,11,0,4,0,18
11/07/2019 04:06:00 AM,19,9,27,0,92,88,26,27,8,22,0,3,0,14
11/07/2019 04:07:00 AM,20,10,27,0,92,88,28,26,9,8,0,3,0,12
11/07/2019 04:08:00 AM,17,11,27,0,92,88,10,11,5,5,0,3,0,13
11/07/2019 04:09:00 AM,18,9,15,0,92,88,10,11,4,6,0,1,0,5
11/07/2019 04:10:00 AM,17,8,19,0,92,88,33,31,10,22,0,2,0,9
11/07/2019 04:11:00 AM,25,10,27,0,92,88,40,39,13,12,0,3,0,14
11/07/2019 04:12:00 AM,21,11,27,0,92,88,33,33,6,11,3,6,65,27
11/07/2019 04:13:00 AM,17,11,27,0,92,88,11,11,5,5,0,2,0,9
11/07/2019 04:14:00 AM,17,9,27,0,92,88,56,53,19,14,0,3,0,12
11/07/2019 04:15:00 AM,16,8,26,0,92,88,11,12,3,5,0,2,0,9
11/07/2019 04:16:00 AM,56,10,27,0,92,88,35,36,5,22,0,14,0,57
11/07/2019 04:17:00 AM,26,11,27,0,92,88,59,55,21,14,0,3,0,14
11/07/2019 04:18:00 AM,19,11,28,0,92,88,14,15,5,7,0,2,0,11
11/07/2019 04:19:00 AM,17,9,76,1,92,94,40,41,17,12,101,3,4497,15
11/07/2019 04:20:00 AM,23,8,71,0,92,95,53,48,19,14,0,45,0,180
11/07/2019 04:21:00 AM,20,9,75,0,92,96,37,38,5,23,0,19,0,78
11/07/2019 04:22:00 AM,19,11,66,0,92,96,25,27,6,8,0,4,0,18
11/07/2019 04:23:00 AM,19,11,65,0,92,96,49,45,18,24,0,17,0,69
11/07/2019 04:24:00 AM,17,9,70,0,92,98,34,37,8,10,0,15,0,63
11/07/2019 04:25:00 AM,16,8,69,0,92,98,56,57,6,13,0,689,0,2759
11/07/2019 04:26:00 AM,18,9,58,0,92,98,42,39,18,23,0,150,0,601
11/07/2019 04:27:00 AM,21,10,68,0,92,98,37,36,17,23,0,18,0,71
11/07/2019 04:28:00 AM,17,11,27,0,92,90,34,36,6,11,0,89,0,359
11/07/2019 04:29:00 AM,18,9,27,0,92,90,20,20,8,23,0,3,0,14
11/07/2019 04:30:00 AM,16,8,27,0,92,90,26,27,8,8,0,3,0,13
11/07/2019 04:31:00 AM,18,10,27,0,92,90,32,29,8,9,0,3,0,13
11/07/2019 04:32:00 AM,21,10,27,0,92,90,42,40,15,22,0,3,0,13
11/07/2019 04:33:00 AM,19,11,26,0,92,90,40,36,18,22,0,3,0,15
11/07/2019 04:34:00 AM,25,9,26,0,92,90,35,34,8,11,0,3,0,14
11/07/2019 04:35:00 AM,16,8,28,0,92,90,29,29,7,10,0,3,0,15
11/07/2019 04:36:00 AM,16,10,27,0,92,90,44,39,18,11,0,1,0,7
11/07/2019 04:37:00 AM,16,11,27,0,92,90,34,35,8,22,0,11,0,47
11/07/2019 04:38:00 AM,17,11,27,0,92,90,31,31,5,10,0,5,0,19
11/07/2019 04:39:00 AM,16,9,27,0,92,90,10,11,3,6,0,1,0,5
11/07/2019 04:40:00 AM,32,8,27,0,92,90,25,26,6,23,0,2,0,11
11/07/2019 04:41:00 AM,16,9,15,0,92,90,10,11,3,6,0,1,0,5
11/07/2019 04:42:00 AM,17,11,16,0,92,90,17,17,7,22,0,1,0,7
11/07/2019 04:43:00 AM,16,11,15,0,92,90,11,11,5,6,0,3,0,12
11/07/2019 04:44:00 AM,16,9,58,0,92,94,44,40,18,12,0,3,0,13
11/07/2019 04:45:00 AM,16,8,69,1,92,96,42,45,16,12,0,41,0,164
11/07/2019 04:46:00 AM,17,9,83,0,92,96,25,28,8,8,0,28,0,112
11/07/2019 04:47:00 AM,19,10,67,0,92,96,40,42,8,11,0,17,0,71
11/07/2019 04:48:00 AM,16,11,67,0,92,96,16,19,5,7,0,3,0,14
11/07/2019 04:49:00 AM,18,9,73,0,92,98,60,57,20,15,0,17,0,69
11/07/2019 04:50:00 AM,18,8,67,0,92,98,41,39,16,22,0,286,0,1144
11/07/2019 04:51:00 AM,16,10,59,1,92,94,34,36,5,16,0,688,0,2751
11/07/2019 04:52:00 AM,27,10,64,0,92,98,27,28,9,22,0,18,0,73
11/07/2019 04:53:00 AM,17,11,27,0,92,90,55,54,19,12,0,2,0,12
11/07/2019 04:54:00 AM,17,9,26,0,92,90,35,36,6,22,0,3,0,14
11/07/2019 04:55:00 AM,18,8,27,0,92,90,44,37,16,13,0,2,0,11
11/07/2019 04:56:00 AM,20,10,27,0,92,90,41,39,17,23,0,5,0,21
11/07/2019 04:57:00 AM,18,11,27,0,92,90,57,54,18,13,0,3,0,15
11/07/2019 04:58:00 AM,18,11,28,0,92,90,33,33,5,10,0,4,0,17
11/07/2019 04:59:00 AM,26,9,27,0,92,90,41,39,17,23,0,5,0,20
11/07/2019 05:00:00 AM,16,8,27,0,92,90,33,34,8,23,0,2,0,11
11/07/2019 05:01:00 AM,18,9,28,0,92,90,30,30,4,10,0,3,0,13
11/07/2019 05:02:00 AM,26,11,26,0,92,90,9,10,3,5,0,2,0,7
11/07/2019 05:03:00 AM,17,11,27,0,92,90,25,25,9,22,0,3,0,13
11/07/2019 05:04:00 AM,18,9,14,0,92,90,12,12,5,6,0,2,0,9
11/07/2019 05:05:00 AM,16,8,15,0,92,90,18,17,8,6,0,2,0,9
11/07/2019 05:06:00 AM,16,9,17,0,92,90,16,17,5,22,0,2,0,8
11/07/2019 05:07:00 AM,16,10,14,0,92,90,19,18,8,6,0,2,0,9
11/07/2019 05:08:00 AM,16,11,15,0,92,90,11,11,5,6,0,1,0,6
11/07/2019 05:09:00 AM,16,9,15,0,92,90,16,16,6,6,0,1,0,6
11/07/2019 05:10:00 AM,214,8,15,0,92,90,11,11,2,6,0,2,0,10
11/07/2019 05:11:00 AM,16,10,15,0,92,90,18,18,8,6,0,2,0,10
11/07/2019 05:12:00 AM,18,10,15,0,92,90,34,34,6,10,0,1,0,6
11/07/2019 05:13:00 AM,17,11,27,0,92,90,50,49,20,14,0,3,0,14
11/07/2019 05:14:00 AM,17,9,27,0,92,90,35,36,7,11,0,3,0,15
11/07/2019 05:15:00 AM,18,8,27,0,92,90,36,36,6,12,0,12,0,48
11/07/2019 05:16:00 AM,17,10,27,0,92,90,27,28,8,9,0,2,0,11
11/07/2019 05:17:00 AM,21,11,28,0,92,90,15,15,4,7,0,3,0,12
11/07/2019 05:18:00 AM,18,11,15,0,92,90,10,11,5,5,0,1,0,5
11/07/2019 05:19:00 AM,18,9,58,0,92,94,44,43,20,23,0,2,0,11
11/07/2019 05:20:00 AM,16,8,65,1,92,96,42,44,16,23,0,43,0,174
11/07/2019 05:21:00 AM,16,10,67,0,92,96,40,39,16,12,1,17,6,68
11/07/2019 05:22:00 AM,17,11,72,0,92,97,42,43,6,12,0,17,0,71
11/07/2019 05:23:00 AM,16,11,67,0,92,97,35,37,8,12,0,16,0,65
11/07/2019 05:24:00 AM,19,9,67,0,92,98,41,40,17,12,0,17,0,68
11/07/2019 05:25:00 AM,16,8,68,0,92,98,34,34,3,21,0,692,0,2768
11/07/2019 05:26:00 AM,19,9,58,0,92,94,38,36,15,15,0,575,0,2302
11/07/2019 05:27:00 AM,21,11,63,0,92,98,40,40,10,23,0,17,0,70
11/07/2019 05:28:00 AM,17,11,27,0,92,90,31,30,6,10,0,4,0,19
11/07/2019 05:29:00 AM,18,9,28,0,92,90,42,40,19,12,0,3,0,12
11/07/2019 05:30:00 AM,17,8,27,0,92,90,29,29,8,23,0,3,0,12
11/07/2019 05:31:00 AM,32,9,27,0,92,90,41,42,9,11,0,3,0,15
11/07/2019 05:32:00 AM,19,10,27,0,92,90,22,22,10,23,0,2,0,8
11/07/2019 05:33:00 AM,17,11,28,0,92,90,32,31,8,9,0,3,0,12
11/07/2019 05:34:00 AM,24,9,26,0,92,90,44,41,18,13,0,3,0,13
11/07/2019 05:35:00 AM,17,8,27,0,92,90,34,33,8,22,0,3,0,15
11/07/2019 05:36:00 AM,22,10,27,0,92,90,12,13,3,6,0,3,0,13
11/07/2019 05:37:00 AM,20,11,27,0,92,90,28,28,9,9,0,2,0,10
11/07/2019 05:38:00 AM,17,11,27,0,92,90,11,12,5,5,0,18,0,74
11/07/2019 05:39:00 AM,16,9,14,0,92,90,10,10,5,5,0,2,0,8
11/07/2019 05:40:00 AM,15,8,18,0,92,90,17,19,3,23,0,2,0,9
11/07/2019 05:41:00 AM,15,10,14,0,92,90,10,11,3,5,0,2,0,10
11/07/2019 05:42:00 AM,16,11,14,0,92,90,10,11,5,5,0,2,0,7
11/07/2019 05:43:00 AM,17,11,20,0,92,90,45,44,17,13,0,3,0,12
11/07/2019 05:44:00 AM,23,9,27,0,92,90,41,39,20,12,0,3,0,13
11/07/2019 05:45:00 AM,18,8,27,0,92,90,39,37,17,11,0,4,0,15
11/07/2019 05:46:00 AM,17,9,58,0,92,95,27,27,8,9,0,3,0,12
11/07/2019 05:47:00 AM,18,11,69,0,92,96,43,39,16,11,0,47,0,189
11/07/2019 05:48:00 AM,34,11,68,0,92,97,29,30,8,10,0,19,0,76
11/07/2019 05:49:00 AM,19,9,66,0,92,97,40,42,16,23,0,17,0,70
11/07/2019 05:50:00 AM,24,8,65,0,92,97,145,62,154,21,0,19,0,79
11/07/2019 05:51:00 AM,18,9,70,0,92,98,33,36,7,24,0,15,0,63
11/07/2019 05:52:00 AM,22,10,69,0,92,98,43,41,16,12,0,403,0,1612
11/07/2019 05:53:00 AM,37,11,59,0,92,94,59,56,20,15,0,688,0,2752
11/07/2019 05:54:00 AM,18,9,63,0,92,98,34,34,8,23,0,17,0,71
11/07/2019 05:55:00 AM,23,8,26,0,92,90,36,38,4,11,0,5,0,20
11/07/2019 05:56:00 AM,31,10,27,0,92,90,26,27,9,23,0,3,0,12
11/07/2019 05:57:00 AM,19,11,28,0,92,90,14,15,5,6,0,2,0,11
11/07/2019 05:58:00 AM,32,11,21,0,92,90,60,56,22,15,0,3,0,12
11/07/2019 05:59:00 AM,18,9,26,0,92,90,20,19,9,23,0,2,0,10
11/07/2019 06:00:00 AM,17,8,27,0,92,90,36,35,4,11,0,5,0,20
11/07/2019 06:01:00 AM,16,10,27,0,92,90,22,22,7,7,0,2,0,8
11/07/2019 06:02:00 AM,16,11,28,0,92,90,15,16,5,7,0,3,0,12
11/07/2019 06:03:00 AM,18,11,15,0,92,90,9,10,4,5,0,2,0,8
11/07/2019 06:04:00 AM,17,9,17,0,92,90,18,19,4,23,0,2,0,7
11/07/2019 06:05:00 AM,16,8,23,0,92,90,40,36,16,11,0,3,0,13
11/07/2019 06:06:00 AM,16,9,26,0,92,90,29,28,4,9,0,3,0,14
11/07/2019 06:07:00 AM,19,11,28,0,92,90,17,18,5,7,0,3,0,13
11/07/2019 06:08:00 AM,17,11,27,0,92,90,24,24,7,8,0,2,0,9
11/07/2019 06:09:00 AM,22,9,27,0,92,90,10,10,3,5,0,2,0,11
11/07/2019 06:10:00 AM,17,8,15,0,92,90,9,10,3,5,0,2,0,8
11/07/2019 06:11:00 AM,18,10,72,1,92,95,37,37,9,22,1,19,29,77
11/07/2019 06:12:00 AM,17,10,70,0,92,96,45,44,17,12,0,44,0,176
11/07/2019 06:13:00 AM,20,10,67,0,92,97,39,41,8,11,0,18,0,73
11/07/2019 06:14:00 AM,18,9,67,0,92,97,40,38,17,12,0,3,0,15
11/07/2019 06:15:00 AM,16,8,67,0,92,97,31,33,9,9,0,9,0,38
11/07/2019 06:16:00 AM,21,9,66,0,92,98,28,29,8,9,0,17,0,69
11/07/2019 06:17:00 AM,19,11,67,1,92,98,27,27,9,15,0,705,0,2823
11/07/2019 06:18:00 AM,21,10,63,0,92,99,30,29,9,9,0,35,0,142
11/07/2019 06:19:00 AM,19,9,65,0,92,94,47,46,17,22,0,18,0,73
11/07/2019 06:20:00 AM,18,8,27,0,92,90,57,56,20,14,0,5,0,19
11/07/2019 06:21:00 AM,19,10,27,0,92,90,43,42,15,23,0,4,0,20
11/07/2019 06:22:00 AM,19,11,27,0,92,90,36,38,9,11,0,5,0,21
11/07/2019 06:23:00 AM,24,10,27,0,92,90,23,23,7,8,0,3,0,12
11/07/2019 06:24:00 AM,22,9,29,0,92,90,24,25,7,8,0,2,0,11
11/07/2019 06:25:00 AM,27,8,16,0,92,90,18,18,5,23,0,2,0,11
11/07/2019 06:26:00 AM,31,10,22,0,92,90,55,53,19,23,0,2,0,12
11/07/2019 06:27:00 AM,16,11,26,0,92,90,15,16,6,6,0,2,0,10
11/07/2019 06:28:00 AM,16,12,27,0,92,90,35,37,4,11,0,5,0,22
11/07/2019 06:29:00 AM,17,10,37,0,92,90,18,17,8,6,0,18,0,72
11/07/2019 06:30:00 AM,16,8,27,0,92,90,35,29,15,9,0,2,0,11
11/07/2019 06:31:00 AM,17,9,26,0,92,90,35,35,7,11,0,3,0,13
11/07/2019 06:32:00 AM,26,10,27,0,92,90,34,34,7,22,0,3,0,14
11/07/2019 06:33:00 AM,24,11,26,0,92,90,10,11,4,6,0,2,0,9
11/07/2019 06:34:00 AM,16,9,27,0,92,90,23,24,7,7,0,2,0,8
11/07/2019 06:35:00 AM,19,8,15,0,92,90,9,10,3,5,0,3,0,12
11/07/2019 06:36:00 AM,16,9,15,0,92,90,10,11,3,5,0,1,0,6
11/07/2019 06:37:00 AM,17,11,17,0,92,90,15,17,5,22,0,1,0,5
11/07/2019 06:38:00 AM,15,10,14,0,92,90,10,10,4,5,0,2,0,9
11/07/2019 06:39:00 AM,17,9,23,0,92,90,44,41,17,12,0,3,0,13
11/07/2019 06:40:00 AM,17,8,27,0,92,90,57,55,19,13,0,13,0,54
11/07/2019 06:41:00 AM,20,9,26,0,92,90,39,40,15,12,0,4,0,15
11/07/2019 06:42:00 AM,25,11,27,0,92,90,25,27,7,9,0,4,0,16
11/07/2019 06:43:00 AM,27,10,72,1,92,96,47,44,18,12,0,35,0,142
11/07/2019 06:44:00 AM,20,9,66,0,92,96,41,44,8,11,0,23,0,93
11/07/2019 06:45:00 AM,17,8,68,0,92,97,44,40,16,22,0,18,0,74
11/07/2019 06:46:00 AM,19,10,64,0,92,97,37,38,14,24,0,5,0,21
11/07/2019 06:47:00 AM,21,11,65,0,92,97,32,34,9,9,0,12,0,48
11/07/2019 06:48:00 AM,16,11,65,0,92,98,20,21,6,21,0,16,0,67
11/07/2019 06:49:00 AM,18,9,65,1,92,98,28,28,12,16,0,747,0,2991
11/07/2019 06:50:00 AM,17,8,27,0,92,90,136,54,151,21,0,18,0,72
11/07/2019 06:51:00 AM,28,10,27,0,92,90,26,26,8,22,0,2,0,11
11/07/2019 06:52:00 AM,16,10,27,0,92,90,47,45,20,23,0,4,0,16
11/07/2019 06:53:00 AM,23,10,27,0,92,90,34,36,10,11,0,5,0,20
11/07/2019 06:54:00 AM,17,9,27,0,92,90,12,12,3,6,0,3,0,12
11/07/2019 06:55:00 AM,16,8,27,0,92,90,26,27,8,8,0,2,0,11
11/07/2019 06:56:00 AM,16,9,27,0,92,90,10,10,3,5,0,2,0,11
11/07/2019 06:57:00 AM,17,11,14,0,92,90,11,11,4,5,0,1,0,7
11/07/2019 06:58:00 AM,20,10,16,0,92,90,14,16,4,22,0,2,0,9
11/07/2019 06:59:00 AM,17,9,19,0,92,90,16,18,3,22,0,2,0,9
11/07/2019 07:00:00 AM,16,8,15,0,92,90,9,10,2,6,0,2,0,10
11/07/2019 07:01:00 AM,16,9,14,0,92,90,11,11,3,5,0,1,0,6
11/07/2019 07:02:00 AM,15,11,15,0,92,90,10,11,4,6,0,1,0,7
11/07/2019 07:03:00 AM,16,11,14,0,92,90,11,12,4,6,0,2,0,8
11/07/2019 07:04:00 AM,18,9,14,0,92,90,16,16,7,6,0,2,0,11
11/07/2019 07:05:00 AM,16,8,22,0,92,90,54,50,20,12,0,13,0,52
11/07/2019 07:06:00 AM,19,10,27,0,92,90,11,13,3,6,0,2,0,11
11/07/2019 07:07:00 AM,17,11,27,0,92,90,34,34,5,10,0,3,0,15
11/07/2019 07:08:00 AM,17,10,27,0,92,90,22,24,6,7,0,2,0,8
11/07/2019 07:09:00 AM,20,9,27,0,92,90,24,24,6,8,0,3,0,13
11/07/2019 07:10:00 AM,20,8,22,0,92,90,58,55,17,14,0,3,0,12
11/07/2019 07:11:00 AM,17,10,26,0,92,90,17,18,5,22,0,2,0,8
11/07/2019 07:12:00 AM,19,12,27,0,92,90,44,40,18,12,0,3,0,15
11/07/2019 07:13:00 AM,22,10,63,0,92,95,42,39,17,12,1,22,5,89
11/07/2019 07:14:00 AM,23,9,66,0,92,96,46,45,15,12,0,40,0,161
11/07/2019 07:15:00 AM,18,8,70,0,92,97,38,40,5,11,0,18,0,75
11/07/2019 07:16:00 AM,18,9,66,0,92,97,26,27,7,23,0,4,0,18
11/07/2019 07:17:00 AM,20,11,68,0,92,97,28,31,8,8,0,16,0,65
11/07/2019 07:18:00 AM,23,11,65,0,92,98,45,42,19,12,0,15,0,63
11/07/2019 07:19:00 AM,21,9,67,0,92,98,33,33,5,23,0,670,0,2683
11/07/2019 07:20:00 AM,17,8,58,0,92,98,40,37,17,11,0,104,2,417
11/07/2019 07:21:00 AM,19,9,65,0,92,94,32,34,8,23,0,18,0,75
11/07/2019 07:22:00 AM,25,11,27,0,92,90,33,35,4,10,0,3,0,13
11/07/2019 07:23:00 AM,16,10,27,0,92,90,10,10,3,5,0,1,0,7
11/07/2019 07:24:00 AM,16,9,27,0,92,90,56,54,19,22,0,4,0,17
11/07/2019 07:25:00 AM,16,8,26,0,92,90,16,19,3,7,0,3,0,11
11/07/2019 07:26:00 AM,16,10,27,0,92,90,34,36,15,23,0,5,0,21
11/07/2019 07:27:00 AM,24,11,27,0,92,90,40,41,9,12,0,3,0,13
11/07/2019 07:28:00 AM,23,11,28,0,92,90,32,31,7,10,0,4,0,19
11/07/2019 07:29:00 AM,16,10,27,0,92,90,10,10,4,6,0,1,0,7
11/07/2019 07:30:00 AM,16,8,29,0,92,90,23,23,6,7,0,2,0,10
11/07/2019 07:31:00 AM,17,10,16,0,92,90,13,16,4,22,0,1,0,7
11/07/2019 07:32:00 AM,16,11,16,0,92,90,21,20,9,7,0,2,0,10
11/07/2019 07:33:00 AM,15,10,25,0,92,90,53,49,20,22,0,2,0,11
11/07/2019 07:34:00 AM,16,9,27,0,92,90,32,34,6,10,0,3,0,14
11/07/2019 07:35:00 AM,16,8,27,0,92,90,10,10,3,6,0,2,0,11
11/07/2019 07:36:00 AM,16,9,28,0,92,90,22,22,9,7,0,2,0,11
11/07/2019 07:37:00 AM,19,10,14,0,92,90,11,11,4,6,0,2,0,7
11/07/2019 07:38:00 AM,15,11,24,0,92,90,51,46,23,13,0,3,0,12
11/07/2019 07:39:00 AM,17,9,36,0,92,90,30,30,10,21,0,18,0,73
11/07/2019 07:40:00 AM,16,8,27,0,92,90,10,11,2,5,0,3,0,12
11/07/2019 07:41:00 AM,18,9,27,0,92,90,38,33,15,10,0,3,0,11
11/07/2019 07:42:00 AM,17,11,27,0,92,90,38,37,15,12,0,3,0,14
11/07/2019 07:43:00 AM,17,10,64,1,92,95,42,40,17,12,0,5,0,19
11/07/2019 07:44:00 AM,16,9,74,0,92,96,55,53,17,13,0,50,0,201
11/07/2019 07:45:00 AM,18,8,68,0,92,97,41,43,8,12,0,19,0,77
11/07/2019 07:46:00 AM,18,10,66,0,92,97,60,55,20,14,0,3,0,15
11/07/2019 07:47:00 AM,25,11,68,0,92,97,39,41,8,12,0,10,0,42
11/07/2019 07:48:00 AM,22,11,65,0,92,98,44,39,17,23,2,16,16,65
11/07/2019 07:49:00 AM,17,9,67,0,91,98,43,39,17,15,0,712,1,2849
11/07/2019 07:50:00 AM,18,8,59,0,92,99,35,36,8,24,0,90,0,360
11/07/2019 07:51:00 AM,21,10,65,0,92,94,38,40,9,23,0,17,0,70
11/07/2019 07:52:00 AM,17,11,27,0,92,90,26,27,12,24,0,3,0,12
11/07/2019 07:53:00 AM,25,10,27,0,92,90,29,31,9,9,0,3,0,12
11/07/2019 07:54:00 AM,41,9,18,0,92,90,14,15,3,22,0,1,0,5
11/07/2019 07:55:00 AM,16,8,17,0,92,90,24,22,10,24,0,2,0,10
11/07/2019 07:56:00 AM,19,9,14,0,92,90,11,12,5,6,0,2,0,9
11/07/2019 07:57:00 AM,22,10,14,0,92,90,11,11,4,6,0,2,0,7
11/07/2019 07:58:00 AM,16,11,14,0,92,90,10,11,5,6,0,2,0,8
11/07/2019 07:59:00 AM,16,9,24,0,92,90,9,9,3,6,0,2,0,8
11/07/2019 08:00:00 AM,21,8,23,0,92,90,43,41,17,14,0,13,0,54
11/07/2019 08:01:00 AM,18,9,27,0,92,90,32,32,4,10,0,3,0,15
11/07/2019 08:02:00 AM,19,11,27,0,92,90,29,30,6,9,0,3,0,12
11/07/2019 08:03:00 AM,17,11,28,0,92,90,38,36,15,10,0,4,0,17
11/07/2019 08:04:00 AM,19,9,27,0,92,90,41,38,18,12,0,3,0,14
11/07/2019 08:05:00 AM,17,8,27,0,92,90,32,32,3,10,0,5,0,20
11/07/2019 08:06:00 AM,18,10,27,0,92,90,23,23,11,22,0,3,0,13
11/07/2019 08:07:00 AM,17,11,27,0,92,90,24,24,8,7,0,2,0,11
11/07/2019 08:08:00 AM,17,11,14,0,92,90,19,19,8,6,0,2,0,8
11/07/2019 08:09:00 AM,17,9,22,0,92,90,37,36,16,23,0,3,0,12
11/07/2019 08:10:00 AM,16,8,27,0,92,90,43,42,16,22,0,2,0,11
11/07/2019 08:11:00 AM,22,10,26,0,92,90,55,48,17,14,0,5,0,20
11/07/2019 08:12:00 AM,24,12,27,0,92,90,35,34,6,11,0,4,0,19
11/07/2019 08:13:00 AM,22,11,29,0,92,90,24,26,8,8,0,2,0,11
11/07/2019 08:14:00 AM,16,9,28,0,92,90,24,25,8,8,0,2,0,10
11/07/2019 08:15:00 AM,16,8,16,0,92,90,37,32,14,10,0,3,0,13
11/07/2019 08:16:00 AM,17,9,27,0,92,90,39,40,8,23,0,12,0,49
11/07/2019 08:17:00 AM,22,10,28,0,92,90,29,29,10,9,0,4,0,17
11/07/2019 08:18:00 AM,17,11,27,0,92,90,51,45,21,14,0,3,0,13
11/07/2019 08:19:00 AM,17,9,73,0,92,96,44,42,17,12,0,19,0,77
11/07/2019 08:20:00 AM,17,8,65,0,92,96,42,45,7,12,0,33,0,134
11/07/2019 08:21:00 AM,19,9,67,0,92,97,38,40,5,23,0,18,0,75
11/07/2019 08:22:00 AM,18,11,66,0,92,97,26,28,6,8,0,5,0,19
11/07/2019 08:23:00 AM,19,11,68,0,92,98,30,32,8,8,0,16,0,65
11/07/2019 08:24:00 AM,21,9,67,0,92,98,23,24,6,22,0,16,0,65
11/07/2019 08:25:00 AM,16,8,66,0,92,98,46,43,18,16,0,739,0,2956
11/07/2019 08:26:00 AM,16,10,61,0,92,98,34,35,9,22,0,22,0,89
11/07/2019 08:27:00 AM,18,12,66,0,92,94,17,20,6,22,0,17,0,69
11/07/2019 08:28:00 AM,18,12,27,0,92,90,26,27,8,8,0,2,0,10
11/07/2019 08:29:00 AM,19,10,27,0,92,90,11,11,5,6,0,3,0,13
11/07/2019 08:30:00 AM,22,8,16,0,92,90,27,26,6,22,0,3,0,11
11/07/2019 08:31:00 AM,23,10,26,0,92,90,45,41,17,23,0,3,0,12
11/07/2019 08:32:00 AM,22,11,27,0,92,90,34,34,6,9,0,3,0,15
11/07/2019 08:33:00 AM,23,11,27,0,92,90,13,14,6,7,0,2,0,8
11/07/2019 08:34:00 AM,16,9,27,0,92,90,23,23,7,7,0,2,0,7
11/07/2019 08:35:00 AM,82,8,14,0,92,90,11,11,3,6,0,2,0,9
11/07/2019 08:36:00 AM,16,9,14,0,92,90,32,33,6,10,0,2,0,11
11/07/2019 08:37:00 AM,16,10,27,0,92,90,45,45,18,21,0,3,0,15
11/07/2019 08:38:00 AM,17,11,27,0,92,90,47,44,20,13,0,5,0,20
11/07/2019 08:39:00 AM,19,13,27,0,92,90,39,36,16,12,0,3,0,13
11/07/2019 08:40:00 AM,39,11,29,0,92,90,36,36,8,17,0,5,0,20
11/07/2019 08:41:00 AM,18,9,27,0,92,90,27,28,9,15,0,3,0,15
11/07/2019 08:42:00 AM,20,10,27,0,92,90,38,35,14,10,0,3,0,14
11/07/2019 08:43:00 AM,17,11,27,0,92,90,56,54,19,22,0,3,0,15
11/07/2019 08:44:00 AM,48,16,46,0,92,90,28,28,4,8,0,3,0,14
11/07/2019 08:45:00 AM,4381,23,27,0,92,90,119,120,19,30,0,17,0,70
11/07/2019 08:46:00 AM,2025,10,72,1,92,96,120,121,21,34,0,18,0,72
11/07/2019 08:47:00 AM,21,11,64,0,92,96,37,41,5,11,0,38,0,155
11/07/2019 08:48:00 AM,24,11,66,0,92,97,39,40,5,11,0,19,0,78
11/07/2019 08:49:00 AM,16,9,65,0,92,97,39,37,16,23,0,4,0,17
11/07/2019 08:50:00 AM,16,8,67,0,92,97,32,35,8,11,0,13,0,52
11/07/2019 08:51:00 AM,17,9,66,0,92,98,40,37,18,11,0,15,0,63
11/07/2019 08:52:00 AM,17,10,66,0,92,98,30,32,8,15,0,758,0,3032
11/07/2019 08:53:00 AM,328,14,63,0,92,98,23,25,9,8,0,14,0,59
11/07/2019 08:54:00 AM,4033,13,27,0,92,90,119,120,22,27,0,18,0,74
11/07/2019 08:55:00 AM,16,8,28,0,92,90,27,29,9,23,0,2,0,11
11/07/2019 08:56:00 AM,23,10,23,0,92,90,45,39,18,13,0,3,0,12
11/07/2019 08:57:00 AM,18,11,26,0,92,90,32,30,3,10,0,3,0,13
11/07/2019 08:58:00 AM,15,11,26,0,92,90,18,19,7,22,0,2,0,11
11/07/2019 08:59:00 AM,20,9,27,0,92,90,27,28,8,8,0,2,0,10
11/07/2019 09:00:00 AM,16,8,27,0,92,90,42,38,17,10,0,3,0,13
11/07/2019 09:01:00 AM,22,9,27,0,92,90,34,35,5,11,0,3,0,13
11/07/2019 09:02:00 AM,24,10,27,0,92,90,49,45,16,14,0,5,0,21
11/07/2019 09:03:00 AM,18,11,27,0,92,90,36,35,5,11,0,3,0,15
11/07/2019 09:04:00 AM,17,9,28,0,92,90,56,55,19,14,0,3,0,12
11/07/2019 09:05:00 AM,17,8,28,0,92,90,37,36,6,11,0,3,0,14
11/07/2019 09:06:00 AM,27,10,27,0,92,90,18,19,4,22,0,3,0,12
11/07/2019 09:07:00 AM,16,11,27,0,92,90,27,27,8,22,0,2,0,10
11/07/2019 09:08:00 AM,18,11,27,0,92,90,39,37,17,11,0,3,0,14
11/07/2019 09:09:00 AM,17,9,26,0,92,90,43,37,17,12,0,3,0,13
11/07/2019 09:10:00 AM,18,8,27,0,92,90,44,39,18,22,0,5,0,20
11/07/2019 09:11:00 AM,25,9,27,0,92,90,36,37,5,11,0,5,0,22
11/07/2019 09:12:00 AM,17,10,27,0,92,90,32,32,8,11,0,5,0,20
11/07/2019 09:13:00 AM,38,12,27,0,92,90,27,29,9,9,0,3,0,12
11/07/2019 09:14:00 AM,16,10,27,0,92,90,26,27,6,22,0,3,0,14
11/07/2019 09:15:00 AM,4138,9,15,0,92,90,13,12,2,6,0,12,0,50
11/07/2019 09:16:00 AM,23,10,14,0,92,90,35,34,9,10,0,2,0,10
11/07/2019 09:17:00 AM,23,11,16,0,92,90,14,16,5,23,0,2,0,10
11/07/2019 09:18:00 AM,19,11,14,0,92,90,11,12,4,6,0,2,0,9
11/07/2019 09:19:00 AM,16,9,14,0,92,90,19,18,8,6,0,2,0,9
11/07/2019 09:20:00 AM,16,8,61,0,92,96,40,36,14,9,0,20,0,81
11/07/2019 09:21:00 AM,16,10,64,0,92,96,44,46,9,13,0,43,0,173
11/07/2019 09:22:00 AM,19,11,68,0,92,97,43,43,17,13,0,18,0,72
11/07/2019 09:23:00 AM,20,11,68,0,92,97,37,34,15,10,0,3,0,13
11/07/2019 09:24:00 AM,20,9,67,0,92,97,51,47,21,14,0,14,0,58
11/07/2019 09:25:00 AM,16,8,66,0,92,98,32,33,7,10,0,18,0,72
11/07/2019 09:26:00 AM,19,9,73,0,92,98,26,23,5,14,0,728,0,2915
11/07/2019 09:27:00 AM,19,10,63,0,92,98,43,40,17,12,0,19,0,77
11/07/2019 09:28:00 AM,16,11,64,0,92,94,32,31,5,23,0,17,0,70
11/07/2019 09:29:00 AM,18,9,26,0,92,90,20,19,10,22,0,2,0,10
11/07/2019 09:30:00 AM,17,8,28,0,92,90,62,59,18,23,0,5,0,20
11/07/2019 09:31:00 AM,21,9,27,0,91,90,58,54,18,14,0,4,0,17
11/07/2019 09:32:00 AM,24,10,27,0,92,90,37,37,6,22,0,5,0,22
11/07/2019 09:33:00 AM,21,11,27,0,92,90,40,34,17,11,0,3,0,14
11/07/2019 09:34:00 AM,18,9,27,0,92,90,30,29,10,9,0,3,0,14
11/07/2019 09:35:00 AM,18,8,26,0,92,90,12,12,2,6,0,3,0,11
11/07/2019 09:36:00 AM,17,10,27,0,92,90,29,30,8,22,0,3,0,13
11/07/2019 09:37:00 AM,17,11,16,0,92,90,18,20,5,24,0,2,0,9
11/07/2019 09:38:00 AM,20,11,14,0,92,90,11,12,5,6,0,2,0,10
11/07/2019 09:39:00 AM,16,9,17,0,92,90,18,18,8,22,0,1,0,5
11/07/2019 09:40:00 AM,16,8,14,0,92,90,9,10,2,6,0,3,0,12
11/07/2019 09:41:00 AM,16,10,14,0,92,90,11,12,4,6,0,1,0,6
11/07/2019 09:42:00 AM,17,11,58,0,92,94,17,16,6,6,0,1,0,6
11/07/2019 09:43:00 AM,17,11,74,0,92,96,42,43,16,12,0,37,0,151
11/07/2019 09:44:00 AM,23,9,65,0,92,97,31,29,5,10,0,18,0,75
11/07/2019 09:45:00 AM,19,8,67,0,92,97,43,45,6,13,0,18,0,72
11/07/2019 09:46:00 AM,16,9,66,0,92,97,27,27,8,9,0,2,0,9
11/07/2019 09:47:00 AM,17,10,67,0,92,98,39,38,18,12,0,17,0,70
11/07/2019 09:48:00 AM,21,11,66,0,92,98,27,27,5,8,0,17,0,68
11/07/2019 09:49:00 AM,20,9,63,1,92,94,31,32,5,23,0,720,0,2880
11/07/2019 09:50:00 AM,17,8,62,0,92,98,25,24,9,21,0,19,0,77
11/07/2019 09:51:00 AM,19,9,29,0,92,90,36,31,16,9,0,6,0,22
11/07/2019 09:52:00 AM,19,10,26,0,92,90,40,39,15,12,0,3,0,14
11/07/2019 09:53:00 AM,18,11,27,0,92,90,56,54,18,21,0,3,0,14
11/07/2019 09:54:00 AM,18,9,28,0,92,90,35,34,5,21,0,5,0,20
11/07/2019 09:55:00 AM,17,8,27,0,92,90,23,24,6,8,0,3,0,13
11/07/2019 09:56:00 AM,29,10,27,0,92,90,23,25,6,8,0,2,0,8
11/07/2019 09:57:00 AM,22,11,16,0,92,90,16,16,4,23,0,2,0,8
11/07/2019 09:58:00 AM,17,11,24,0,92,90,42,39,16,22,0,3,0,11
11/07/2019 09:59:00 AM,17,9,26,0,92,90,40,39,15,12,0,5,0,20
11/07/2019 10:00:00 AM,26,8,27,0,92,90,11,11,2,6,0,3,0,12
11/07/2019 10:01:00 AM,254,10,27,0,92,90,38,39,15,11,0,4,0,16
11/07/2019 10:02:00 AM,6958,11,27,0,92,90,31,29,28,32,0,4,0,19
11/07/2019 10:03:00 AM,7852,11,28,0,92,90,16,18,5,8,0,3,0,13
11/07/2019 10:04:00 AM,27,9,27,0,92,90,500,498,266,172,0,2,0,10
11/07/2019 10:05:00 AM,22,8,27,0,92,90,18,20,2,23,0,2,0,11
11/07/2019 10:06:00 AM,22,10,13,0,92,90,11,11,4,6,0,2,0,8
11/07/2019 10:07:00 AM,28,10,17,0,92,90,18,18,7,22,0,2,0,8
11/07/2019 10:08:00 AM,15,11,14,0,92,90,10,10,4,6,0,2,0,9
11/07/2019 10:09:00 AM,16,9,14,0,92,90,9,11,4,6,0,2,0,8
11/07/2019 10:10:00 AM,16,8,13,0,92,90,10,11,2,6,0,2,0,9
11/07/2019 10:11:00 AM,16,10,16,0,92,90,29,30,6,9,0,2,0,9
11/07/2019 10:12:00 AM,21,10,27,0,92,90,42,41,17,12,0,3,0,13
11/07/2019 10:13:00 AM,17,11,26,0,92,90,58,54,23,14,0,3,0,13
11/07/2019 10:14:00 AM,20,9,27,0,92,90,34,34,5,11,0,5,0,21
11/07/2019 10:15:00 AM,16,8,28,0,92,90,23,24,7,7,0,3,0,14
11/07/2019 10:16:00 AM,18,9,76,0,92,96,48,46,16,12,1,49,5,199
11/07/2019 10:17:00 AM,20,11,63,0,92,96,38,39,7,12,0,18,0,73
11/07/2019 10:18:00 AM,17,10,67,0,92,97,37,38,8,11,0,17,0,70
11/07/2019 10:19:00 AM,19,9,65,0,92,97,28,29,9,23,0,3,0,15
11/07/2019 10:20:00 AM,16,8,72,0,92,97,33,35,7,9,1,16,4,65
11/07/2019 10:21:00 AM,17,10,64,0,92,98,12,14,2,6,0,18,0,72
11/07/2019 10:22:00 AM,16,11,64,1,92,98,14,17,5,22,0,689,0,2756
11/07/2019 10:23:00 AM,15,11,61,0,92,98,40,39,16,12,0,18,0,72
11/07/2019 10:24:00 AM,15,9,27,0,92,90,17,18,3,23,0,3,0,11
11/07/2019 10:25:00 AM,16,8,27,0,92,90,133,56,148,14,0,20,0,79
11/07/2019 10:26:00 AM,21,10,27,0,92,90,43,40,17,12,0,5,0,23
11/07/2019 10:27:00 AM,17,11,28,0,92,90,43,40,17,12,0,3,0,13
11/07/2019 10:28:00 AM,18,12,27,0,92,90,35,37,7,11,0,3,0,15
11/07/2019 10:29:00 AM,19,9,27,0,92,90,27,28,6,22,0,2,0,11
11/07/2019 10:30:00 AM,23,8,27,0,92,90,30,31,8,9,0,3,0,13
11/07/2019 10:31:00 AM,19,9,16,0,92,90,16,19,3,23,0,2,0,9
11/07/2019 10:32:00 AM,16,10,19,0,92,90,27,29,9,24,0,2,0,10
11/07/2019 10:33:00 AM,16,11,16,0,92,90,16,18,4,23,0,2,0,11
11/07/2019 10:34:00 AM,15,9,14,0,92,90,11,11,3,5,0,2,0,9
11/07/2019 10:35:00 AM,16,8,18,0,92,90,48,44,20,12,0,3,0,15
11/07/2019 10:36:00 AM,17,9,27,0,92,90,31,32,8,9,0,3,0,13
11/07/2019 10:37:00 AM,19,11,27,0,92,90,44,43,17,12,0,4,0,16
11/07/2019 10:38:00 AM,21,11,27,0,92,90,32,33,7,10,0,3,0,15
11/07/2019 10:39:00 AM,38,9,29,0,92,90,36,35,7,11,0,4,0,18
11/07/2019 10:40:00 AM,19,8,27,0,92,90,26,27,6,8,0,14,0,55
11/07/2019 10:41:00 AM,26,10,27,0,92,90,26,27,6,21,0,3,0,15
11/07/2019 10:42:00 AM,23,11,16,0,92,90,18,18,7,22,0,2,0,9
11/07/2019 10:43:00 AM,16,11,17,0,92,90,19,20,4,23,0,3,0,12
11/07/2019 10:44:00 AM,16,9,23,0,92,90,19,18,6,6,0,2,0,9
11/07/2019 10:45:00 AM,17,8,58,0,92,94,12,12,2,6,0,18,0,74
11/07/2019 10:46:00 AM,15,10,69,0,92,96,41,43,17,11,0,50,0,202
11/07/2019 10:47:00 AM,18,11,71,0,92,97,39,36,18,10,0,17,0,70
11/07/2019 10:48:00 AM,17,11,67,0,92,97,41,43,7,12,0,18,0,75
11/07/2019 10:49:00 AM,19,9,66,0,92,97,25,26,5,8,0,4,5,17
11/07/2019 10:50:00 AM,15,8,67,0,92,98,45,38,16,13,0,19,0,76
11/07/2019 10:51:00 AM,17,9,65,0,92,98,43,42,16,12,0,19,0,75
11/07/2019 10:52:00 AM,19,10,63,0,92,94,35,36,9,22,0,698,0,2795
11/07/2019 10:53:00 AM,20,11,62,0,92,98,36,37,9,22,0,18,0,75
11/07/2019 10:54:00 AM,17,9,27,0,92,90,19,20,6,22,0,3,0,12
11/07/2019 10:55:00 AM,17,8,27,0,92,90,25,25,7,8,0,2,0,11
11/07/2019 10:56:00 AM,17,9,13,0,92,90,9,10,3,5,0,1,0,6
11/07/2019 10:57:00 AM,18,10,17,0,92,90,18,20,4,24,0,1,0,7
11/07/2019 10:58:00 AM,20,11,24,0,92,90,44,39,20,23,0,3,0,12
11/07/2019 10:59:00 AM,18,9,26,0,92,90,41,39,16,11,0,4,0,19
11/07/2019 11:00:00 AM,26,8,27,0,92,90,41,36,15,12,0,3,0,13
11/07/2019 11:01:00 AM,1176,10,27,0,92,90,35,34,8,12,0,3,0,14
11/07/2019 11:02:00 AM,20,11,27,0,92,90,33,34,6,11,0,4,0,18
11/07/2019 11:03:00 AM,22,11,27,0,92,90,30,31,8,10,0,3,0,13
11/07/2019 11:04:00 AM,17,9,28,0,92,90,29,29,8,23,0,3,0,12
11/07/2019 11:05:00 AM,17,8,24,0,92,90,41,40,16,11,0,3,0,12
11/07/2019 11:06:00 AM,17,10,30,0,92,90,57,50,19,23,0,18,0,73
11/07/2019 11:07:00 AM,19,11,27,0,92,90,41,36,18,11,0,3,0,12
11/07/2019 11:08:00 AM,16,11,27,0,92,90,38,35,17,11,0,5,0,20
11/07/2019 11:09:00 AM,20,9,27,0,92,90,33,36,7,10,0,3,0,14
11/07/2019 11:10:00 AM,18,8,28,0,92,90,33,34,8,10,0,14,0,56
11/07/2019 11:11:00 AM,19,10,27,0,92,90,26,26,8,21,0,3,0,13
11/07/2019 11:12:00 AM,18,11,26,0,92,90,25,26,7,21,0,3,0,12
11/07/2019 11:13:00 AM,173,14,13,0,92,90,10,11,4,6,0,2,0,9
11/07/2019 11:14:00 AM,1427,12,16,0,92,90,17,18,13,31,0,4,0,16
11/07/2019 11:15:00 AM,571,13,20,0,92,90,27,28,14,22,0,4,0,19
11/07/2019 11:16:00 AM,617,13,13,0,92,90,42,42,24,27,0,2,0,8
11/07/2019 11:17:00 AM,17,11,13,0,92,90,19,19,7,6,0,2,0,11
11/07/2019 11:18:00 AM,60,11,13,0,92,90,10,11,5,5,0,2,0,9
11/07/2019 11:19:00 AM,33,9,70,1,92,96,43,41,16,12,0,50,0,202
11/07/2019 11:20:00 AM,16,8,64,0,92,96,40,42,7,12,0,12,0,49
11/07/2019 11:21:00 AM,16,10,64,0,92,97,43,39,18,12,0,20,0,79
11/07/2019 11:22:00 AM,18,10,64,0,92,97,132,52,144,13,0,19,0,79
11/07/2019 11:23:00 AM,18,11,65,0,92,97,37,37,10,12,0,10,0,41
11/07/2019 11:24:00 AM,19,9,65,0,92,98,36,37,6,11,0,17,0,70
11/07/2019 11:25:00 AM,23,8,64,1,92,98,40,40,15,15,0,724,0,2896
11/07/2019 11:26:00 AM,19,9,62,0,92,99,25,26,7,22,0,2,0,11
11/07/2019 11:27:00 AM,16,10,26,0,92,90,36,37,5,23,0,17,0,69
11/07/2019 11:28:00 AM,17,11,27,0,92,90,23,25,6,24,0,2,0,10
11/07/2019 11:29:00 AM,17,10,27,0,92,90,13,13,5,6,0,2,0,11
11/07/2019 11:30:00 AM,16,8,15,0,92,90,10,11,2,6,0,2,0,10
11/07/2019 11:31:00 AM,30,9,16,0,92,90,16,17,3,23,0,1,0,6
11/07/2019 11:32:00 AM,16,11,14,0,92,90,10,11,5,6,0,4,0,16
11/07/2019 11:33:00 AM,16,11,14,0,92,90,16,14,10,5,0,2,0,11
11/07/2019 11:34:00 AM,22,9,16,0,92,90,34,30,14,9,0,1,0,6
11/07/2019 11:35:00 AM,18,8,26,0,92,90,40,39,8,12,0,3,0,13
11/07/2019 11:36:00 AM,15,10,26,0,92,90,40,37,14,11,0,4,0,17
11/07/2019 11:37:00 AM,869,14,27,0,92,90,39,37,17,12,0,3,0,13
11/07/2019 11:38:00 AM,1379,30,28,0,92,90,36,36,32,22,0,3,0,15
11/07/2019 11:39:00 AM,462,34,27,0,92,90,35,36,35,44,0,2,0,10
11/07/2019 11:40:00 AM,18,8,28,0,92,90,20,21,24,39,0,2,0,11
11/07/2019 11:41:00 AM,20,10,27,0,92,90,19,19,8,23,0,2,0,12
11/07/2019 11:42:00 AM,24,11,17,0,92,90,14,16,4,22,0,2,0,11
11/07/2019 11:43:00 AM,16,11,17,0,92,90,17,18,5,22,0,3,0,12
11/07/2019 11:44:00 AM,17,9,24,0,92,90,39,36,17,12,0,3,0,11
11/07/2019 11:45:00 AM,17,8,26,0,92,90,43,40,17,12,0,5,0,20
11/07/2019 11:46:00 AM,18,10,70,1,92,95,36,38,5,11,0,3,0,15
11/07/2019 11:47:00 AM,20,10,75,0,92,96,47,46,19,13,0,47,0,188
11/07/2019 11:48:00 AM,20,11,68,0,92,97,38,38,16,10,0,19,0,77
11/07/2019 11:49:00 AM,16,9,64,0,92,97,38,38,10,12,0,4,0,19
11/07/2019 11:50:00 AM,16,8,64,0,92,97,45,41,17,22,0,18,0,75
11/07/2019 11:51:00 AM,17,9,64,0,92,98,32,33,8,24,0,17,0,71
11/07/2019 11:52:00 AM,16,10,64,1,92,98,29,30,8,10,0,757,0,3028
11/07/2019 11:53:00 AM,19,11,59,0,92,98,30,29,5,24,0,151,10,607
11/07/2019 11:54:00 AM,32,9,63,0,92,94,140,56,153,24,0,20,1,80
11/07/2019 11:55:00 AM,1416,14,27,0,92,90,33,33,12,28,0,5,0,21
11/07/2019 11:56:00 AM,116,11,27,0,92,90,12,12,2,6,0,2,0,11
11/07/2019 11:57:00 AM,19,12,27,0,92,90,55,50,19,22,0,3,0,12
11/07/2019 11:58:00 AM,16,11,27,0,92,90,34,32,5,10,0,5,0,20
11/07/2019 11:59:00 AM,17,9,26,0,92,90,20,19,7,23,0,1,0,6
11/07/2019 12:00:00 PM,17,8,27,0,92,90,23,23,6,7,0,2,0,10
11/07/2019 12:01:00 PM,17,11,15,0,92,90,37,34,15,10,0,2,0,9
11/07/2019 12:02:00 PM,19,12,27,0,92,90,42,37,19,12,0,4,0,17
11/07/2019 12:03:00 PM,18,11,27,0,92,90,27,28,5,22,0,5,0,21
11/07/2019 12:04:00 PM,19,9,27,0,92,90,18,18,4,7,0,4,0,15
11/07/2019 12:05:00 PM,17,8,27,0,92,90,23,24,6,7,0,13,0,52
11/07/2019 12:06:00 PM,16,9,27,0,92,90,10,10,3,5,0,3,0,13
11/07/2019 12:07:00 PM,19,10,14,0,92,90,10,11,5,6,0,2,0,8
11/07/2019 12:08:00 PM,19,11,18,0,92,90,16,18,5,22,0,2,0,9
11/07/2019 12:09:00 PM,16,9,13,0,92,90,10,11,3,6,0,3,0,14
11/07/2019 12:10:00 PM,17,8,15,0,92,90,18,18,8,7,0,2,0,11
11/07/2019 12:11:00 PM,18,9,14,0,92,90,12,14,4,6,0,2,0,9
11/07/2019 12:12:00 PM,19,10,64,1,92,96,44,41,17,12,0,20,1,80
11/07/2019 12:13:00 PM,23,11,63,0,92,96,40,42,11,12,0,46,0,184
11/07/2019 12:14:00 PM,19,9,79,0,92,97,43,45,17,12,0,20,0,82
11/07/2019 12:15:00 PM,26,8,65,0,92,97,41,39,15,13,0,4,0,15
11/07/2019 12:16:00 PM,21,9,67,0,92,97,55,52,18,13,0,12,0,49
11/07/2019 12:17:00 PM,22,12,65,0,92,98,16,17,6,7,0,17,0,68
11/07/2019 12:18:00 PM,16,11,63,0,92,98,39,40,10,15,0,714,12,2859
11/07/2019 12:19:00 PM,18,9,63,0,92,98,16,17,9,22,0,2,1,10
11/07/2019 12:20:00 PM,18,8,27,0,92,90,31,32,8,23,0,17,0,69
11/07/2019 12:21:00 PM,17,11,21,0,92,90,42,38,16,12,0,3,0,12
11/07/2019 12:22:00 PM,18,12,26,0,92,90,33,34,8,23,0,3,0,12
11/07/2019 12:23:00 PM,17,11,26,0,92,19,32,31,5,10,0,5,0,21
11/07/2019 12:24:00 PM,23,9,26,0,92,19,42,39,17,13,0,2,0,10
11/07/2019 12:25:00 PM,19,8,27,0,92,19,32,33,8,10,0,2,0,11
11/07/2019 12:26:00 PM,18,9,27,0,92,19,37,39,4,12,0,5,0,21
11/07/2019 12:27:00 PM,20,12,27,0,92,19,23,23,7,22,0,2,0,8
11/07/2019 12:28:00 PM,17,11,28,0,92,19,14,15,5,7,0,2,0,10
11/07/2019 12:29:00 PM,20,10,1,0,92,17,9,9,3,5,0,0,0,3
11/07/2019 12:30:00 PM,16,8,1,0,92,17,9,10,2,5,0,0,0,3
11/07/2019 12:31:00 PM,23,9,3,0,92,17,17,16,6,5,0,2,0,9
11/07/2019 12:32:00 PM,36,10,23,0,92,17,42,38,17,12,0,3,0,13
11/07/2019 12:33:00 PM,201,11,27,0,92,17,28,29,5,9,0,5,0,20
11/07/2019 12:34:00 PM,1296,19,28,0,92,17,17,16,6,7,0,3,0,14
11/07/2019 12:35:00 PM,66,12,27,0,92,17,24,26,8,7,0,2,0,10
11/07/2019 12:36:00 PM,17,9,27,0,92,18,56,51,19,15,0,3,0,13
11/07/2019 12:37:00 PM,23,12,26,0,92,18,33,34,5,11,0,5,0,21
11/07/2019 12:38:00 PM,17,11,27,0,92,18,15,17,5,22,0,3,0,12
11/07/2019 12:39:00 PM,18,9,28,0,92,18,40,37,16,11,0,2,0,10
11/07/2019 12:40:00 PM,17,8,27,0,92,19,44,40,17,12,0,3,0,13
11/07/2019 12:41:00 PM,1335,43,27,0,92,19,37,38,6,11,0,3,0,15
11/07/2019 12:42:00 PM,26,11,27,0,92,19,47,44,16,23,0,5,0,20
11/07/2019 12:43:00 PM,19,11,27,0,91,19,37,38,9,12,0,3,0,13
11/07/2019 12:44:00 PM,17,9,28,0,92,18,29,30,8,10,0,3,0,16
11/07/2019 12:45:00 PM,18,8,27,0,92,18,29,30,8,22,0,2,0,11
11/07/2019 12:46:00 PM,16,9,27,0,92,18,18,20,4,23,0,2,0,11
11/07/2019 12:47:00 PM,216,21,2,0,92,17,11,12,5,6,0,1,0,4
11/07/2019 12:48:00 PM,48,23,18,0,92,18,19,20,8,23,0,1,0,3
11/07/2019 12:49:00 PM,30,9,23,0,92,19,39,36,17,11,0,3,0,15
11/07/2019 12:50:00 PM,192,8,27,0,92,19,38,33,15,10,0,5,0,20
11/07/2019 12:51:00 PM,25,9,27,0,92,19,39,42,8,12,0,3,0,14
11/07/2019 12:52:00 PM,63615,10,27,0,92,19,36,36,10,11,0,5,0,21
11/07/2019 12:53:00 PM,111,10,27,0,92,19,10,11,5,6,0,1,0,7
11/07/2019 12:54:00 PM,30,9,27,0,92,19,27,28,6,8,0,2,0,10
11/07/2019 12:55:00 PM,27,8,17,0,92,18,17,18,3,22,0,1,0,3
11/07/2019 12:56:00 PM,63274,9,17,0,92,18,22,20,11,23,0,2,0,8
11/07/2019 12:57:00 PM,193,12,2,0,92,17,12,13,5,6,0,2,0,11
11/07/2019 12:58:00 PM,910,14,1,0,92,17,10,10,4,6,0,1,0,4
11/07/2019 12:59:00 PM,1965,92,1,0,92,17,10,11,3,6,0,0,0,3
11/07/2019 01:00:00 PM,1278,18,1,0,92,17,10,11,2,6,0,1,0,4
11/07/2019 01:01:00 PM,539,23,1,0,92,17,10,11,3,6,0,1,0,4
11/07/2019 01:02:00 PM,2640,33,23,0,92,18,42,39,17,12,0,3,0,14
11/07/2019 01:03:00 PM,302,11,27,0,92,18,45,42,19,12,0,5,0,20
11/07/2019 01:04:00 PM,19,9,27,0,92,18,34,34,8,10,0,3,0,15
11/07/2019 01:05:00 PM,358,18,27,0,92,19,37,34,15,11,0,3,0,13
11/07/2019 01:06:00 PM,17,10,28,0,92,19,36,37,9,12,0,4,0,16
11/07/2019 01:07:00 PM,18,12,26,0,92,19,42,40,18,13,0,3,0,14
11/07/2019 01:08:00 PM,823,13,27,0,92,19,28,29,32,24,0,3,0,12
11/07/2019 01:09:00 PM,1583,11,27,0,92,19,43,40,17,12,0,3,0,13
11/07/2019 01:10:00 PM,16,8,27,0,92,18,36,38,7,11,0,3,0,14
11/07/2019 01:11:00 PM,17,12,27,0,92,17,43,40,38,28,0,3,0,14
11/07/2019 01:12:00 PM,424,12,27,0,92,18,26,26,13,24,0,1,0,7
11/07/2019 01:13:00 PM,56,11,28,0,92,17,44,41,41,32,0,3,0,13
11/07/2019 01:14:00 PM,341,10,27,0,92,18,31,33,30,19,0,3,0,14
11/07/2019 01:15:00 PM,60336,30,27,0,92,18,17,13,42,15,0,2,0,11
11/07/2019 01:16:00 PM,2321,39,27,0,92,18,22,23,7,24,0,2,0,8
11/07/2019 01:17:00 PM,1380,32,1,0,92,17,10,11,5,6,0,3,0,14
11/07/2019 01:18:00 PM,1005,14,1,0,92,17,11,11,6,5,0,1,0,4
11/07/2019 01:19:00 PM,585,9,19,0,92,18,16,16,6,22,0,0,0,3
11/07/2019 01:20:00 PM,149,16,2,0,92,17,12,12,3,11,0,2,0,9
11/07/2019 01:21:00 PM,16,12,22,0,92,19,38,38,14,12,0,3,0,15
11/07/2019 01:22:00 PM,18,10,26,0,92,18,28,27,6,8,0,4,0,16
11/07/2019 01:23:00 PM,21,11,27,0,92,19,14,15,6,6,0,3,0,14
11/07/2019 01:24:00 PM,18,9,27,0,92,19,43,40,17,12,0,2,0,11
11/07/2019 01:25:00 PM,16,8,27,0,92,19,35,35,5,12,0,5,0,20
11/07/2019 01:26:00 PM,29,12,27,0,92,19,10,11,3,6,0,2,0,12
11/07/2019 01:27:00 PM,16,11,27,0,92,18,41,37,17,22,0,3,0,15
11/07/2019 01:28:00 PM,19,11,27,0,92,18,33,35,7,10,0,3,0,11
11/07/2019 01:29:00 PM,1295,45,27,0,92,18,47,44,18,14,0,3,0,15
11/07/2019 01:30:00 PM,17,8,27,0,92,18,37,39,4,23,0,4,0,16
11/07/2019 01:31:00 PM,406,12,27,0,92,18,24,25,43,32,0,3,0,12
11/07/2019 01:32:00 PM,60805,11,27,0,92,17,56,50,48,17,0,3,0,11
11/07/2019 01:33:00 PM,481,13,26,0,92,17,15,15,31,18,0,2,0,9
11/07/2019 01:34:00 PM,1341,9,27,0,92,18,36,35,6,23,0,3,0,15
11/07/2019 01:35:00 PM,1201,9,26,0,92,18,57,53,33,24,0,3,0,12
11/07/2019 01:36:00 PM,16,9,27,0,92,18,40,41,14,13,0,3,0,13
11/07/2019 01:37:00 PM,19,11,26,0,92,18,36,37,9,11,0,3,0,14
11/07/2019 01:38:00 PM,17,14,27,0,91,18,33,34,9,10,0,4,0,15
11/07/2019 01:39:00 PM,1305,34,28,0,92,18,45,43,18,22,0,3,0,13
11/07/2019 01:40:00 PM,17,8,27,0,92,19,30,32,5,9,0,2,0,11
11/07/2019 01:41:00 PM,19,9,27,0,92,19,32,34,4,10,0,5,0,20
11/07/2019 01:42:00 PM,57,11,27,0,92,19,36,38,17,24,0,3,0,13
11/07/2019 01:43:00 PM,18,11,27,0,92,19,25,26,6,8,0,3,0,12
11/07/2019 01:44:00 PM,96,9,27,0,92,17,29,29,5,9,0,3,0,15
11/07/2019 01:45:00 PM,39,8,26,0,92,18,24,24,6,22,0,2,0,11
11/07/2019 01:46:00 PM,1422,22,27,0,92,18,11,11,4,6,0,2,0,11
11/07/2019 01:47:00 PM,17,11,3,0,92,17,16,16,7,6,0,2,0,10
11/07/2019 01:48:00 PM,16,12,17,0,92,17,18,19,7,22,0,0,0,3
11/07/2019 01:49:00 PM,72,19,2,0,92,17,17,16,8,6,0,2,0,9
11/07/2019 01:50:00 PM,1135,23,3,0,92,17,20,20,8,7,0,2,0,9
11/07/2019 01:51:00 PM,19,9,1,0,92,17,10,10,4,5,0,2,0,10
11/07/2019 01:52:00 PM,112,11,23,0,92,17,45,43,18,12,0,3,0,15
11/07/2019 01:53:00 PM,1675,28,26,0,92,18,40,36,15,11,0,4,0,17
11/07/2019 01:54:00 PM,369,20,27,0,92,18,36,36,10,11,0,3,0,14
11/07/2019 01:55:00 PM,16,8,27,0,92,19,29,30,8,10,0,4,0,18
11/07/2019 01:56:00 PM,1274,30,27,0,92,18,43,39,16,13,0,3,0,12
11/07/2019 01:57:00 PM,23,11,27,0,92,19,32,32,9,10,0,5,0,20
11/07/2019 01:58:00 PM,90,11,27,0,92,19,16,18,3,23,0,2,0,11
11/07/2019 01:59:00 PM,17,9,27,0,92,19,53,52,18,14,0,3,0,12
11/07/2019 02:00:00 PM,20,8,27,0,92,19,56,49,19,14,0,2,0,11
11/07/2019 02:01:00 PM,61,17,27,0,92,19,35,36,8,12,0,5,0,20
11/07/2019 02:02:00 PM,164,17,26,0,92,19,35,35,15,22,0,3,0,15
11/07/2019 02:03:00 PM,60558,111,27,0,92,19,17,16,8,9,0,2,0,11
11/07/2019 02:04:00 PM,59732,23,27,0,92,17,56,53,19,15,0,3,0,12
11/07/2019 02:05:00 PM,197,15,27,0,92,19,44,43,22,16,0,3,0,13
11/07/2019 02:06:00 PM,218,22,27,0,92,19,24,25,5,22,0,3,0,15
11/07/2019 02:07:00 PM,23,12,27,0,92,19,29,31,6,9,0,5,0,20
11/07/2019 02:08:00 PM,1689,21,27,0,92,19,43,38,36,24,0,3,0,13
11/07/2019 02:09:00 PM,622,11,27,0,92,19,37,38,5,12,0,5,0,20
11/07/2019 02:10:00 PM,459,10,27,0,92,17,16,15,34,21,0,3,0,13
11/07/2019 02:11:00 PM,33,10,27,0,92,18,30,31,43,32,0,2,0,10
11/07/2019 02:12:00 PM,60833,12,27,0,92,17,12,14,5,7,0,3,0,13
11/07/2019 02:13:00 PM,168,63,1,0,92,17,9,11,4,6,0,1,0,4
11/07/2019 02:14:00 PM,172,12,2,0,92,17,10,11,4,6,0,0,0,3
11/07/2019 02:15:00 PM,1446,28,17,0,92,17,21,20,8,24,0,2,0,10
11/07/2019 02:16:00 PM,9831,27,21,0,92,17,39,39,16,11,0,2,0,10
11/07/2019 02:17:00 PM,21,10,27,0,92,17,32,34,8,10,0,3,0,12
11/07/2019 02:18:00 PM,18,11,27,0,92,17,31,31,5,10,0,4,0,18
11/07/2019 02:19:00 PM,1396,65,26,0,92,18,10,11,4,6,0,1,0,7
11/07/2019 02:20:00 PM,17,8,27,0,92,18,41,36,17,11,0,4,0,19
11/07/2019 02:21:00 PM,17,11,26,0,92,18,33,34,24,11,0,2,0,9
11/07/2019 02:22:00 PM,529,12,26,0,92,18,48,45,28,16,0,5,0,20
11/07/2019 02:23:00 PM,36,11,27,0,92,18,31,32,10,22,0,2,0,10
11/07/2019 02:24:00 PM,1030,58,27,0,92,19,42,37,18,12,0,5,0,20
11/07/2019 02:25:00 PM,48,8,26,0,92,19,43,42,15,12,0,4,0,19
11/07/2019 02:26:00 PM,34,11,27,0,92,19,38,39,9,11,0,3,0,14
11/07/2019 02:27:00 PM,83,12,27,0,92,19,36,37,9,22,0,5,0,22
11/07/2019 02:28:00 PM,523,26,28,0,92,19,26,27,6,15,0,3,0,13
11/07/2019 02:29:00 PM,1399,29,27,0,92,19,30,31,32,66,0,3,0,12
11/07/2019 02:30:00 PM,17,8,16,0,92,18,18,18,5,23,0,2,0,10
11/07/2019 02:31:00 PM,79,10,16,0,92,18,16,18,4,23,0,2,0,9
11/07/2019 02:32:00 PM,17,11,18,0,92,17,16,16,7,22,0,2,0,11
11/07/2019 02:33:00 PM,16,11,2,0,92,17,12,13,6,6,0,2,0,10
11/07/2019 02:34:00 PM,409,9,1,0,92,17,10,11,3,5,0,1,0,4
11/07/2019 02:35:00 PM,16,8,17,0,92,17,36,33,15,9,0,0,0,3
11/07/2019 02:36:00 PM,16,9,26,0,92,17,37,39,8,12,0,3,0,14
11/07/2019 02:37:00 PM,17,10,26,0,92,18,24,25,9,7,0,3,0,14
11/07/2019 02:38:00 PM,20,11,27,0,92,18,47,43,20,13,0,5,0,23
11/07/2019 02:39:00 PM,19,9,27,0,92,19,38,41,9,13,0,3,0,15
11/07/2019 02:40:00 PM,64,8,27,0,92,18,32,33,5,10,0,5,0,21
11/07/2019 02:41:00 PM,17,9,27,0,92,19,11,11,3,6,0,2,0,9
11/07/2019 02:42:00 PM,19,11,27,0,92,19,29,29,9,21,0,3,0,12
11/07/2019 02:43:00 PM,17,11,25,0,92,17,42,43,15,12,0,3,0,13
11/07/2019 02:44:00 PM,392,9,27,0,92,17,31,32,7,10,0,3,0,14
11/07/2019 02:45:00 PM,370,18,27,0,92,18,16,18,3,23,0,3,0,13
11/07/2019 02:46:00 PM,21,10,28,0,92,17,22,24,7,7,0,2,0,9
11/07/2019 02:47:00 PM,524,14,12,0,92,17,18,18,27,28,0,1,0,6
11/07/2019 02:48:00 PM,1542,16,23,0,92,17,52,48,18,27,0,4,0,17
11/07/2019 02:49:00 PM,19,9,27,0,92,17,33,31,5,10,0,3,0,14
11/07/2019 02:50:00 PM,1228,33,27,0,92,18,39,35,15,11,0,3,0,14
11/07/2019 02:51:00 PM,1111,11,27,0,92,18,31,31,8,10,0,4,0,18
11/07/2019 02:52:00 PM,68,11,27,0,92,18,12,13,5,6,0,3,0,14
11/07/2019 02:53:00 PM,17,11,27,0,92,18,30,29,8,10,0,3,0,12
11/07/2019 02:54:00 PM,22,9,27,0,92,18,14,16,3,21,0,4,0,18
11/07/2019 02:55:00 PM,16,8,2,0,92,18,9,10,4,5,0,2,0,9
11/07/2019 02:56:00 PM,18,10,1,0,92,18,11,12,3,6,0,1,0,4
11/07/2019 02:57:00 PM,18,11,24,0,92,19,41,36,18,10,0,4,0,19
11/07/2019 02:58:00 PM,2061,21,26,0,92,19,41,44,16,27,0,4,0,19
11/07/2019 02:59:00 PM,433,18,27,0,92,19,21,21,23,32,0,3,0,13
11/07/2019 03:00:00 PM,3644,81,27,0,92,19,37,36,6,12,0,5,0,22
11/07/2019 03:01:00 PM,1220,11,27,0,92,19,24,25,15,13,0,3,0,12
11/07/2019 03:02:00 PM,1689,40,28,0,92,19,28,29,23,50,0,3,0,12
11/07/2019 03:03:00 PM,19,11,24,0,92,18,44,41,20,22,0,3,0,13
11/07/2019 03:04:00 PM,607,28,26,0,92,18,238,236,140,107,0,4,0,16
11/07/2019 03:05:00 PM,73575,9,27,0,92,17,36,32,29,25,0,3,0,15
11/07/2019 03:06:00 PM,634,21,27,0,92,19,36,38,26,22,0,3,0,12
11/07/2019 03:07:00 PM,497,23,28,0,92,18,275,275,171,117,0,5,0,22
11/07/2019 03:08:00 PM,66652,36,27,0,92,19,14,15,17,15,0,2,0,8
11/07/2019 03:09:00 PM,497,12,27,0,92,19,24,25,19,24,0,2,0,10
11/07/2019 03:10:00 PM,16,8,1,0,92,17,10,11,3,6,0,2,0,9
11/07/2019 03:11:00 PM,16,10,1,0,92,17,10,11,4,6,0,1,0,5
11/07/2019 03:12:00 PM,18,10,2,0,92,17,16,15,7,6,0,1,0,4
11/07/2019 03:13:00 PM,17,11,2,0,92,17,11,11,5,6,0,2,0,8
11/07/2019 03:14:00 PM,16,9,21,0,92,17,59,55,19,14,0,3,0,12
11/07/2019 03:15:00 PM,16,8,26,0,92,17,15,18,3,6,0,2,0,9
11/07/2019 03:16:00 PM,20,10,27,0,92,18,33,35,6,10,0,5,0,20
11/07/2019 03:17:00 PM,16,11,26,0,92,17,14,14,5,6,0,2,0,11
11/07/2019 03:18:00 PM,23,11,27,0,92,17,19,21,4,7,0,2,0,10
11/07/2019 03:19:00 PM,19,9,18,0,92,17,40,34,17,10,0,2,0,9
11/07/2019 03:20:00 PM,25,8,26,0,92,18,36,37,9,13,0,4,0,18
11/07/2019 03:21:00 PM,17,9,27,0,92,18,28,29,3,22,0,5,0,21
11/07/2019 03:22:00 PM,17,11,27,0,92,18,45,41,20,12,0,2,0,9
11/07/2019 03:23:00 PM,70,11,27,0,92,18,34,34,8,11,0,3,0,13
11/07/2019 03:24:00 PM,22,9,27,0,92,19,44,42,16,12,0,3,0,14
11/07/2019 03:25:00 PM,16,8,27,0,92,19,35,35,5,11,0,5,0,20
11/07/2019 03:26:00 PM,18,10,27,0,92,19,25,26,6,22,0,3,0,13
11/07/2019 03:27:00 PM,20,11,27,0,92,19,26,26,9,9,0,3,0,11
11/07/2019 03:28:00 PM,16,12,16,0,92,18,20,19,10,22,0,1,0,4
11/07/2019 03:29:00 PM,53,10,2,0,92,17,10,11,5,6,0,2,0,10
11/07/2019 03:30:00 PM,22,8,22,0,92,18,41,40,16,22,0,13,0,53
11/07/2019 03:31:00 PM,18,9,27,0,92,18,32,30,7,9,0,4,0,18
11/07/2019 03:32:00 PM,17,11,27,0,92,19,27,27,6,8,0,3,0,16
11/07/2019 03:33:00 PM,18,11,27,0,92,19,25,27,6,8,0,2,0,10
11/07/2019 03:34:00 PM,22,9,27,0,92,20,25,25,9,7,0,3,0,12
11/07/2019 03:35:00 PM,16,9,17,0,92,17,40,36,15,11,0,1,0,4
11/07/2019 03:36:00 PM,17,9,27,0,92,17,38,39,8,23,0,3,0,13
11/07/2019 03:37:00 PM,20,11,27,0,92,19,61,57,21,23,0,4,0,16
11/07/2019 03:38:00 PM,1671,28,27,0,92,19,30,32,5,10,0,4,0,20
11/07/2019 03:39:00 PM,2907,31,27,0,92,19,24,24,7,8,0,3,0,12
11/07/2019 03:40:00 PM,514,16,28,0,92,19,24,24,8,8,0,2,0,9
11/07/2019 03:41:00 PM,464,9,2,0,92,17,11,11,3,6,0,1,0,4
11/07/2019 03:42:00 PM,454,10,17,0,92,18,17,19,5,23,0,3,0,11
11/07/2019 03:43:00 PM,655,15,2,0,92,17,13,14,5,10,0,2,0,9
11/07/2019 03:44:00 PM,1624,11,19,0,92,17,44,43,18,11,0,3,0,12
11/07/2019 03:45:00 PM,26,8,26,0,92,18,39,34,15,11,0,2,0,11
11/07/2019 03:46:00 PM,482,10,26,0,92,18,34,35,7,11,0,3,0,15
11/07/2019 03:47:00 PM,2177,36,27,0,92,18,36,36,8,12,0,5,0,20
11/07/2019 03:48:00 PM,19,11,28,0,92,18,41,39,16,11,0,3,0,13
11/07/2019 03:49:00 PM,300,13,27,0,92,18,41,38,16,11,0,4,0,17
11/07/2019 03:50:00 PM,16,8,27,0,92,19,39,37,15,22,0,3,0,15
11/07/2019 03:51:00 PM,16,10,28,0,92,19,35,35,7,11,0,16,0,63
11/07/2019 03:52:00 PM,21,11,27,0,92,19,28,28,9,9,0,3,0,15
11/07/2019 03:53:00 PM,17,11,27,0,92,19,29,29,8,9,0,2,0,12
11/07/2019 03:54:00 PM,19,9,27,0,92,18,39,34,17,22,0,3,0,12
11/07/2019 03:55:00 PM,17,8,26,0,92,18,36,37,7,10,0,3,0,13
11/07/2019 03:56:00 PM,19,9,27,0,92,19,24,23,4,23,0,4,0,16
11/07/2019 03:57:00 PM,21,11,27,0,92,19,43,41,16,12,0,2,0,9
11/07/2019 03:58:00 PM,80,11,27,0,92,19,37,38,10,11,0,3,0,14
11/07/2019 03:59:00 PM,324,10,28,0,92,18,42,40,17,12,0,5,0,20
11/07/2019 04:00:00 PM,291,10,28,0,92,18,21,22,14,21,0,3,0,12
11/07/2019 04:01:00 PM,82,10,28,0,92,18,32,33,9,11,0,5,0,21
11/07/2019 04:02:00 PM,51,11,27,0,92,18,23,24,6,7,0,2,0,9
11/07/2019 04:03:00 PM,17,11,27,0,92,19,15,16,5,7,0,2,0,10
11/07/2019 04:04:00 PM,23,9,17,0,92,17,17,17,6,22,0,2,0,10
11/07/2019 04:05:00 PM,15,8,16,0,92,18,37,33,15,23,0,2,0,10
11/07/2019 04:06:00 PM,16,10,26,0,92,19,39,43,8,13,0,3,0,14
11/07/2019 04:07:00 PM,17,10,26,0,92,19,26,28,5,8,0,4,0,18
11/07/2019 04:08:00 PM,16,11,27,0,92,19,11,13,4,6,0,1,0,4
11/07/2019 04:09:00 PM,16,9,27,0,92,19,38,36,15,11,0,3,0,13
11/07/2019 04:10:00 PM,17,8,27,0,92,18,33,34,7,10,0,3,0,12
11/07/2019 04:11:00 PM,17,10,27,0,92,18,28,29,5,9,0,3,0,13
11/07/2019 04:12:00 PM,17,11,27,0,92,18,60,52,19,24,0,2,0,11
11/07/2019 04:13:00 PM,17,11,28,0,92,19,26,26,8,8,0,3,0,14
11/07/2019 04:14:00 PM,18,9,27,0,92,18,36,34,17,10,0,5,0,21
11/07/2019 04:15:00 PM,1965,28,27,0,92,18,32,34,7,10,0,3,0,14
11/07/2019 04:16:00 PM,323,24,27,0,92,18,35,32,16,22,0,2,0,11
11/07/2019 04:17:00 PM,26,11,27,0,92,18,37,35,10,12,0,3,0,14
11/07/2019 04:18:00 PM,393,28,27,0,92,19,28,27,4,9,0,4,0,18
11/07/2019 04:19:00 PM,348,9,27,0,92,19,19,19,9,24,0,2,0,9
11/07/2019 04:20:00 PM,460,10,27,0,92,19,28,28,22,22,0,2,0,10
11/07/2019 04:21:00 PM,1797,13,24,0,92,18,61,56,32,21,0,4,0,16
11/07/2019 04:22:00 PM,429,12,26,0,92,18,40,40,70,44,0,5,0,21
11/07/2019 04:23:00 PM,16,9,27,0,92,18,27,28,4,22,0,3,0,12
11/07/2019 04:24:00 PM,28,9,28,0,92,19,28,28,9,9,0,3,0,14
11/07/2019 04:25:00 PM,1674,15,27,0,92,19,27,27,8,9,0,3,0,11
11/07/2019 04:26:00 PM,20,16,27,0,92,19,10,11,3,6,0,3,0,12
11/07/2019 04:27:00 PM,188,35,18,0,92,18,16,18,3,23,0,1,0,4
11/07/2019 04:28:00 PM,2807,62,2,0,92,17,11,12,5,6,0,2,0,9
11/07/2019 04:29:00 PM,16,10,20,0,92,17,50,47,19,13,0,3,0,12
11/07/2019 04:30:00 PM,25,8,26,0,92,17,19,19,3,6,0,2,0,8
11/07/2019 04:31:00 PM,487,17,26,0,92,17,36,37,8,11,0,3,0,14
11/07/2019 04:32:00 PM,171,13,27,0,92,19,56,55,20,13,0,2,0,7
11/07/2019 04:33:00 PM,19,11,26,0,92,19,33,35,9,11,0,4,0,19
11/07/2019 04:34:00 PM,1741,14,27,0,92,19,10,10,3,5,0,3,0,12
11/07/2019 04:35:00 PM,67,8,28,0,92,19,22,23,7,24,0,2,0,8
11/07/2019 04:36:00 PM,29,9,1,0,92,17,11,11,3,5,0,2,0,9
11/07/2019 04:37:00 PM,1619,30,2,0,92,17,11,12,5,6,0,1,0,4
11/07/2019 04:38:00 PM,562,25,21,0,92,18,57,56,21,23,0,2,0,11
11/07/2019 04:39:00 PM,19,9,26,0,92,17,15,17,4,6,0,2,0,8
11/07/2019 04:40:00 PM,17,8,27,0,92,18,34,37,8,11,0,4,0,16
11/07/2019 04:41:00 PM,18,9,26,0,92,18,10,11,3,6,0,2,0,9
11/07/2019 04:42:00 PM,23,10,27,0,92,17,24,25,6,8,0,3,0,12
11/07/2019 04:43:00 PM,17,11,1,0,92,17,10,11,5,5,0,1,0,4
11/07/2019 04:44:00 PM,500,9,22,0,92,18,40,37,17,10,0,3,0,13
11/07/2019 04:45:00 PM,667,8,26,0,92,18,43,39,17,23,0,2,0,8
11/07/2019 04:46:00 PM,407,12,27,0,92,18,33,34,8,10,0,3,0,13
11/07/2019 04:47:00 PM,536,23,27,0,92,18,27,28,5,9,0,4,0,18
11/07/2019 04:48:00 PM,21,11,27,0,92,19,25,27,6,8,0,3,0,12
11/07/2019 04:49:00 PM,20,9,27,0,92,18,28,28,9,9,0,3,0,12
11/07/2019 04:50:00 PM,30,8,1,0,92,17,10,11,2,6,0,0,0,3
11/07/2019 04:51:00 PM,885,45,20,0,92,18,49,47,18,23,0,4,0,16
11/07/2019 04:52:00 PM,70,11,27,0,92,19,10,11,5,7,0,2,0,9
11/07/2019 04:53:00 PM,35,11,27,0,92,19,47,45,18,12,0,5,0,19
11/07/2019 04:54:00 PM,19,9,27,0,92,19,39,35,16,12,0,5,0,21
11/07/2019 04:55:00 PM,18,8,27,0,92,19,57,55,17,15,0,5,0,21
11/07/2019 04:56:00 PM,19,9,27,0,92,19,31,31,8,9,0,3,0,13
11/07/2019 04:57:00 PM,23,10,28,0,92,19,45,43,18,13,0,5,0,22
11/07/2019 04:58:00 PM,17,11,27,0,91,18,35,36,7,10,0,3,0,13
11/07/2019 04:59:00 PM,18,9,28,0,91,19,23,24,4,23,0,3,0,15
11/07/2019 05:00:00 PM,16,8,27,0,90,17,10,10,2,6,0,2,0,9
11/07/2019 05:01:00 PM,19,9,27,0,92,18,26,27,8,22,0,3,0,13
11/07/2019 05:02:00 PM,81,10,2,0,92,17,10,11,4,6,0,2,0,10
11/07/2019 05:03:00 PM,31,10,2,0,92,17,10,10,4,6,0,1,0,3
11/07/2019 05:04:00 PM,16,9,18,0,92,17,16,17,4,22,0,1,0,4
11/07/2019 05:05:00 PM,19,8,13,0,92,17,14,13,3,7,0,2,0,9
11/07/2019 05:06:00 PM,18,11,26,0,92,18,54,53,19,12,0,2,0,11
11/07/2019 05:07:00 PM,17,12,27,0,92,18,33,35,6,10,0,5,0,20
11/07/2019 05:08:00 PM,16,14,27,0,92,18,11,11,5,10,0,2,0,11
11/07/2019 05:09:00 PM,20,12,28,0,92,18,18,18,6,7,0,2,0,8
11/07/2019 05:10:00 PM,16,8,1,0,92,17,9,10,2,7,0,0,0,3
11/07/2019 05:11:00 PM,19,10,20,0,92,18,18,18,8,22,0,2,0,10
11/07/2019 05:12:00 PM,19,10,16,0,92,17,37,34,15,9,0,2,0,10
11/07/2019 05:13:00 PM,18,11,26,0,92,18,36,39,7,11,0,3,0,13
11/07/2019 05:14:00 PM,19,12,27,0,92,17,42,37,50,24,0,3,0,13
11/07/2019 05:15:00 PM,1379,10,27,0,92,18,38,37,32,21,0,3,0,13
11/07/2019 05:16:00 PM,42,9,27,0,92,18,35,34,13,11,0,5,0,21
11/07/2019 05:17:00 PM,32,12,27,0,92,18,33,33,5,12,0,3,0,14
11/07/2019 05:18:00 PM,17,11,27,0,92,18,29,31,10,10,0,2,0,11
11/07/2019 05:19:00 PM,32,9,27,0,92,19,16,17,8,22,0,2,0,10
11/07/2019 05:20:00 PM,16,8,22,0,92,19,45,41,17,25,0,3,0,13
11/07/2019 05:21:00 PM,17,9,27,0,92,19,48,46,18,13,0,5,0,20
11/07/2019 05:22:00 PM,17,10,27,0,91,19,36,36,5,11,0,3,0,15
11/07/2019 05:23:00 PM,18,11,27,0,91,19,40,42,14,13,0,3,0,13
11/07/2019 05:24:00 PM,18,9,28,0,91,19,49,47,21,14,0,3,0,12
11/07/2019 05:25:00 PM,19,8,27,0,84,19,33,34,3,11,0,3,0,14
11/07/2019 05:26:00 PM,20,10,27,0,84,19,27,28,8,22,0,2,0,11
11/07/2019 05:27:00 PM,19,11,28,0,92,20,24,25,8,23,0,2,0,11
11/07/2019 05:28:00 PM,17,11,2,0,92,17,9,10,5,6,0,2,0,9
11/07/2019 05:29:00 PM,16,9,17,0,92,18,19,20,4,24,0,1,0,4
11/07/2019 05:30:00 PM,15,8,2,0,92,17,9,10,2,5,0,2,0,9
11/07/2019 05:31:00 PM,16,10,2,0,92,17,11,12,4,7,0,1,0,4
11/07/2019 05:32:00 PM,17,11,2,0,92,17,11,12,5,6,0,1,0,4
11/07/2019 05:33:00 PM,15,11,1,0,92,17,12,13,5,6,0,1,0,4
11/07/2019 05:34:00 PM,17,9,2,0,92,17,11,11,5,5,0,0,0,3
11/07/2019 05:35:00 PM,17,8,23,0,92,17,39,38,16,11,0,3,0,13
11/07/2019 05:36:00 PM,19,9,27,0,92,17,26,27,4,8,0,2,0,11
11/07/2019 05:37:00 PM,17,11,28,0,92,18,20,19,11,7,0,4,0,16
11/07/2019 05:38:00 PM,17,11,27,0,92,18,47,42,17,14,0,3,0,13
11/07/2019 05:39:00 PM,32,9,27,0,92,18,37,34,15,11,0,3,0,13
11/07/2019 05:40:00 PM,16,8,27,0,92,18,37,37,7,12,0,5,0,21
11/07/2019 05:41:00 PM,40,9,27,0,92,18,49,47,18,22,0,3,0,14
11/07/2019 05:42:00 PM,18,10,27,0,92,18,40,41,10,14,0,5,0,21
11/07/2019 05:43:00 PM,18,11,27,0,92,18,27,28,8,8,0,2,0,11
11/07/2019 05:44:00 PM,1186,10,27,0,92,18,21,22,6,7,0,2,0,8
11/07/2019 05:45:00 PM,28,8,17,0,92,18,18,19,4,24,0,1,0,3
11/07/2019 05:46:00 PM,568,9,19,0,92,18,20,19,10,22,0,2,0,9
11/07/2019 05:47:00 PM,564,18,19,0,92,18,46,43,20,22,0,2,0,9
11/07/2019 05:48:00 PM,999,43,27,0,92,19,31,33,5,9,0,3,0,14
11/07/2019 05:49:00 PM,1150,20,27,0,92,19,30,32,4,9,0,4,0,18
11/07/2019 05:50:00 PM,1132,14,27,0,92,19,40,30,145,63,0,1,0,5
11/07/2019 05:51:00 PM,16,9,27,0,92,19,46,41,18,12,0,3,0,13
11/07/2019 05:52:00 PM,1710,11,26,0,91,17,44,42,17,12,0,9,0,37
11/07/2019 05:53:00 PM,18,11,27,0,91,18,35,35,6,22,0,7,0,28
11/07/2019 05:54:00 PM,19,9,27,0,91,18,50,48,20,13,0,4,0,15
11/07/2019 05:55:00 PM,18,8,27,0,91,19,38,38,15,12,0,5,0,21
11/07/2019 05:56:00 PM,18,10,27,0,91,19,10,11,4,6,0,3,0,13
11/07/2019 05:57:00 PM,424,25,28,0,84,19,34,33,7,10,0,5,0,20
11/07/2019 05:58:00 PM,16,11,26,0,92,19,24,24,7,23,0,2,0,9
11/07/2019 05:59:00 PM,16,9,27,0,92,19,10,11,4,5,0,2,0,10
11/07/2019 06:00:00 PM,16,8,16,0,92,18,32,31,8,22,0,0,0,3
11/07/2019 06:01:00 PM,17,10,27,0,92,18,42,39,16,21,0,3,0,12
11/07/2019 06:02:00 PM,17,10,27,0,92,18,35,34,7,11,0,4,0,15
11/07/2019 06:03:00 PM,17,11,27,0,92,18,10,11,5,6,0,3,0,14
11/07/2019 06:04:00 PM,1228,31,27,0,92,19,25,27,9,8,0,2,0,11
11/07/2019 06:05:00 PM,17,8,27,0,92,18,11,11,2,6,0,3,0,12
11/07/2019 06:06:00 PM,48,9,16,0,92,18,16,18,2,23,0,1,0,3
11/07/2019 06:07:00 PM,16,11,20,0,92,18,24,22,13,23,0,2,0,9
11/07/2019 06:08:00 PM,17,11,7,0,92,17,11,12,5,6,0,2,0,10
11/07/2019 06:09:00 PM,19,9,24,0,92,18,40,38,16,11,0,2,0,10
11/07/2019 06:10:00 PM,18,8,26,0,92,18,35,36,5,11,0,3,0,15
11/07/2019 06:11:00 PM,358,9,26,0,92,17,19,19,8,6,0,3,0,13
11/07/2019 06:12:00 PM,35,30,27,0,92,18,26,26,8,8,0,2,0,10
11/07/2019 06:13:00 PM,17,11,27,0,92,17,10,12,4,6,0,3,0,13
11/07/2019 06:14:00 PM,16,9,23,0,92,18,43,38,19,12,0,3,0,14
11/07/2019 06:15:00 PM,18,8,26,0,92,18,42,39,16,23,0,5,0,22
11/07/2019 06:16:00 PM,19,10,27,0,92,18,18,17,4,8,0,3,0,11
11/07/2019 06:17:00 PM,19,11,27,0,92,19,28,30,8,9,0,3,0,14
11/07/2019 06:18:00 PM,20,11,27,0,92,18,41,37,16,11,0,3,0,12
11/07/2019 06:19:00 PM,56,9,27,0,92,18,12,12,4,6,0,3,0,12
11/07/2019 06:20:00 PM,18,8,27,0,91,18,34,34,5,23,0,3,0,15
11/07/2019 06:21:00 PM,23,10,27,0,91,19,42,40,17,11,0,3,0,13
11/07/2019 06:22:00 PM,16,10,27,0,91,18,38,40,10,12,0,3,0,13
11/07/2019 06:23:00 PM,17,11,27,0,92,19,34,36,8,12,0,74,0,298
11/07/2019 06:24:00 PM,15,9,27,0,92,18,16,18,4,23,0,74,0,299
11/07/2019 06:25:00 PM,54,8,27,0,92,19,34,30,14,10,0,74,0,299
11/07/2019 06:26:00 PM,18,9,26,0,92,19,40,41,9,12,0,75,0,299
11/07/2019 06:27:00 PM,567,30,27,0,92,19,38,34,15,10,0,75,0,301
11/07/2019 06:28:00 PM,41,12,28,0,92,19,41,42,11,24,0,75,0,300
11/07/2019 06:29:00 PM,1361,20,27,0,92,20,29,30,8,9,0,74,0,298
11/07/2019 06:30:00 PM,17,8,27,0,92,19,15,14,6,6,0,2,0,8
11/07/2019 06:31:00 PM,21,9,28,0,92,19,27,28,8,9,0,74,0,299
11/07/2019 06:32:00 PM,1711,28,20,0,92,18,54,53,20,23,0,2,0,12
11/07/2019 06:33:00 PM,315,30,26,0,92,18,22,20,10,23,0,2,0,10
11/07/2019 06:34:00 PM,16,9,27,0,92,18,49,42,18,14,0,5,0,21
11/07/2019 06:35:00 PM,17,8,27,0,92,18,42,40,17,12,0,3,0,15
11/07/2019 06:36:00 PM,6744,12,27,0,92,19,36,37,7,11,0,3,0,13
11/07/2019 06:37:00 PM,49,11,27,0,92,18,33,33,5,11,0,4,0,19
11/07/2019 06:38:00 PM,16,11,27,0,92,18,16,18,4,23,0,1,0,5
11/07/2019 06:39:00 PM,17,9,27,0,92,18,28,29,8,9,0,3,0,12
11/07/2019 06:40:00 PM,19,8,16,0,92,18,16,18,3,23,0,2,0,8
11/07/2019 06:41:00 PM,17,10,2,0,92,18,11,11,3,5,0,2,0,9
11/07/2019 06:42:00 PM,16,10,20,0,92,18,19,18,9,23,0,1,0,5
11/07/2019 06:43:00 PM,18,11,22,0,92,18,61,58,18,16,0,4,0,16
11/07/2019 06:44:00 PM,16,9,27,0,92,18,16,18,6,7,0,2,0,10
11/07/2019 06:45:00 PM,16,8,27,0,92,18,58,53,17,14,0,5,0,22
11/07/2019 06:46:00 PM,18,9,26,0,92,18,24,26,7,8,0,2,0,10
11/07/2019 06:47:00 PM,18,11,28,0,92,18,35,34,7,10,0,5,0,22
11/07/2019 06:48:00 PM,17,11,26,0,92,18,10,11,4,6,0,1,0,6
11/07/2019 06:49:00 PM,17,9,27,0,92,18,27,27,8,24,0,2,0,11
11/07/2019 06:50:00 PM,16,8,2,0,92,18,16,16,7,5,0,2,0,11
11/07/2019 06:51:00 PM,17,9,1,0,92,18,10,11,3,6,0,2,0,10
11/07/2019 06:52:00 PM,16,11,17,0,92,18,15,17,5,22,0,1,0,4
11/07/2019 06:53:00 PM,16,11,24,0,92,18,43,41,16,12,0,3,0,11
11/07/2019 06:54:00 PM,1307,58,26,0,92,19,36,38,10,35,0,5,0,22
11/07/2019 06:55:00 PM,24544,15,27,0,92,19,504,504,171,153,0,3,0,12
11/07/2019 06:56:00 PM,1106,22,27,0,92,19,154,151,75,61,0,3,0,13
11/07/2019 06:57:00 PM,11728,14,27,0,92,19,38,38,11,21,0,3,0,14
11/07/2019 06:58:00 PM,18,11,27,0,92,19,58,54,17,14,0,3,0,13
11/07/2019 06:59:00 PM,17,9,28,0,92,19,30,30,8,23,0,5,0,21
11/07/2019 07:00:00 PM,45,8,27,0,92,19,11,11,3,6,0,2,0,11
11/07/2019 07:01:00 PM,17,9,27,0,92,18,24,24,6,8,0,2,0,11
11/07/2019 07:02:00 PM,19,10,17,0,92,18,22,20,12,23,0,1,0,5
11/07/2019 07:03:00 PM,19,11,2,0,92,17,10,12,3,6,0,2,0,9
11/07/2019 07:04:00 PM,20,9,18,0,92,18,27,26,12,24,0,1,0,4
11/07/2019 07:05:00 PM,19,8,25,0,92,18,52,52,18,13,0,10,0,41
11/07/2019 07:06:00 PM,18,9,27,0,92,17,34,36,7,11,0,3,0,16
11/07/2019 07:07:00 PM,18,10,27,0,92,17,10,11,4,6,0,3,0,13
11/07/2019 07:08:00 PM,23,11,27,0,92,18,39,36,15,10,0,2,0,11
11/07/2019 07:09:00 PM,17,9,27,0,92,18,56,52,20,13,0,3,0,14
11/07/2019 07:10:00 PM,20,8,26,0,92,18,37,39,8,12,0,5,0,21
11/07/2019 07:11:00 PM,23,9,27,0,92,18,26,28,7,23,0,5,0,21
11/07/2019 07:12:00 PM,19,12,29,0,92,18,24,25,8,9,0,3,0,12
11/07/2019 07:13:00 PM,16,11,27,0,92,19,26,27,8,8,0,4,0,15
11/07/2019 07:14:00 PM,27,9,10,0,92,17,10,11,4,6,0,1,0,4
11/07/2019 07:15:00 PM,18,8,24,0,92,19,59,59,18,23,0,3,0,12
11/07/2019 07:16:00 PM,17,11,27,0,92,19,31,32,8,22,0,4,0,19
11/07/2019 07:17:00 PM,17,12,27,0,92,19,18,16,10,6,0,3,0,14
11/07/2019 07:18:00 PM,16,11,27,0,92,19,56,50,19,14,0,2,0,11
11/07/2019 07:19:00 PM,19,9,26,0,92,18,39,38,18,11,0,3,0,14
11/07/2019 07:20:00 PM,20,8,26,0,92,17,34,35,4,10,0,4,0,17
11/07/2019 07:21:00 PM,16,9,27,0,92,18,18,19,6,21,0,3,0,13
11/07/2019 07:22:00 PM,19,10,28,0,92,18,28,28,8,9,0,3,0,13
11/07/2019 07:23:00 PM,19,10,27,0,92,19,43,40,16,11,0,3,0,14
11/07/2019 07:24:00 PM,23,9,26,0,92,19,31,32,4,21,0,2,0,10
11/07/2019 07:25:00 PM,17,8,27,0,92,19,16,18,3,23,0,3,0,15
11/07/2019 07:26:00 PM,17,9,27,0,92,19,28,29,8,9,0,2,0,10
11/07/2019 07:27:00 PM,17,10,27,0,92,19,11,11,4,6,0,3,0,14
11/07/2019 07:28:00 PM,23,10,23,0,92,19,39,35,17,10,0,2,0,10
11/07/2019 07:29:00 PM,19,10,27,0,92,19,29,29,5,23,0,5,0,20
11/07/2019 07:30:00 PM,16,8,26,0,92,19,11,10,3,6,0,3,0,12
11/07/2019 07:31:00 PM,17,9,27,0,92,19,30,30,7,9,0,3,0,11
11/07/2019 07:32:00 PM,19,12,3,0,92,17,18,18,7,6,0,2,0,9
11/07/2019 07:33:00 PM,17,10,1,0,92,18,12,13,6,6,0,2,0,9
11/07/2019 07:34:00 PM,19,9,21,0,92,18,44,41,18,12,0,3,0,13
11/07/2019 07:35:00 PM,22,8,27,0,92,18,39,41,14,12,0,3,0,15
11/07/2019 07:36:00 PM,19,11,27,0,92,18,32,31,5,10,0,3,0,14
11/07/2019 07:37:00 PM,24,12,27,0,92,18,30,32,6,9,0,3,0,14
11/07/2019 07:38:00 PM,20,11,27,0,92,18,43,41,16,12,0,2,0,11
11/07/2019 07:39:00 PM,19,9,27,0,92,18,29,30,6,9,0,3,0,11
11/07/2019 07:40:00 PM,17,8,26,0,92,19,35,35,5,23,0,3,0,15
11/07/2019 07:41:00 PM,21,9,27,0,92,18,18,19,9,22,0,2,0,9
11/07/2019 07:42:00 PM,17,10,28,0,92,19,55,50,19,13,0,3,0,14
11/07/2019 07:43:00 PM,20,11,27,0,92,18,39,41,10,12,0,3,0,15
11/07/2019 07:44:00 PM,38,9,27,0,92,18,38,38,7,24,0,3,0,15
11/07/2019 07:45:00 PM,17,8,27,0,92,18,11,11,3,6,0,2,0,9
11/07/2019 07:46:00 PM,21,9,27,0,92,19,29,29,8,9,0,3,0,12
11/07/2019 07:47:00 PM,20,10,2,0,92,18,10,10,5,6,0,1,0,3
11/07/2019 07:48:00 PM,17,11,19,0,92,18,16,17,4,22,0,1,0,3
11/07/2019 07:49:00 PM,16,9,17,0,92,18,18,19,4,23,0,2,0,9
11/07/2019 07:50:00 PM,16,8,2,0,92,18,9,10,3,6,0,2,0,9
11/07/2019 07:51:00 PM,25,9,21,0,92,19,42,40,16,11,0,4,0,17
11/07/2019 07:52:00 PM,21,12,27,0,92,19,41,39,18,11,0,2,0,9
11/07/2019 07:53:00 PM,21,11,26,0,92,19,38,40,15,12,0,6,0,25
11/07/2019 07:54:00 PM,18,9,27,0,92,19,29,30,5,9,0,3,0,15
11/07/2019 07:55:00 PM,21,8,27,0,92,19,28,28,8,9,0,4,0,20
11/07/2019 07:56:00 PM,22,11,27,0,92,19,42,39,17,11,0,2,0,10
11/07/2019 07:57:00 PM,19,12,27,0,92,19,36,36,7,22,0,3,0,13
11/07/2019 07:58:00 PM,20,11,27,0,92,17,31,32,7,10,0,4,0,16
11/07/2019 07:59:00 PM,18,9,27,0,92,19,18,17,6,22,0,1,0,4
11/07/2019 08:00:00 PM,18,8,27,0,92,17,26,26,8,8,0,3,0,13
11/07/2019 08:01:00 PM,16,9,2,0,92,17,9,10,3,5,0,1,0,4
11/07/2019 08:02:00 PM,19,10,1,0,92,17,10,11,5,5,0,1,0,4
11/07/2019 08:03:00 PM,17,11,17,0,92,17,13,16,3,22,0,1,0,4
11/07/2019 08:04:00 PM,29,9,2,0,92,17,17,16,8,6,0,2,0,10
11/07/2019 08:05:00 PM,21,8,17,0,92,17,40,37,17,10,0,2,0,8
11/07/2019 08:06:00 PM,25,9,26,0,92,18,40,42,16,12,0,3,0,14
11/07/2019 08:07:00 PM,19,10,27,0,92,18,43,41,17,12,0,5,0,19
11/07/2019 08:08:00 PM,19,11,27,0,92,18,43,40,18,11,0,3,0,13
11/07/2019 08:09:00 PM,21,9,28,0,92,18,37,36,8,11,0,3,0,14
11/07/2019 08:10:00 PM,20,8,27,0,92,18,45,44,17,13,0,3,0,14
11/07/2019 08:11:00 PM,28,9,28,0,92,19,24,26,6,8,0,3,0,14
11/07/2019 08:12:00 PM,26,12,27,0,92,19,34,36,9,23,0,5,0,22
11/07/2019 08:13:00 PM,17,11,27,0,92,19,31,29,9,22,0,2,0,9
11/07/2019 08:14:00 PM,16,9,27,0,92,19,43,39,15,22,0,2,0,11
11/07/2019 08:15:00 PM,16,8,26,0,92,19,34,34,5,10,0,5,0,20
11/07/2019 08:16:00 PM,19,10,27,0,92,18,18,20,3,24,0,3,0,12
11/07/2019 08:17:00 PM,23,12,27,0,92,19,24,25,9,7,0,2,0,9
11/07/2019 08:18:00 PM,43,10,2,0,92,17,12,13,5,6,0,1,0,3
11/07/2019 08:19:00 PM,18,9,3,0,92,17,19,19,8,6,0,2,0,9
11/07/2019 08:20:00 PM,16,8,17,0,92,18,19,18,7,22,0,0,0,3
11/07/2019 08:21:00 PM,17,9,2,0,92,17,10,11,3,6,0,2,0,9
11/07/2019 08:22:00 PM,1358,49,13,0,92,17,26,27,5,8,0,1,0,4
11/07/2019 08:23:00 PM,32,11,26,0,92,17,53,51,23,15,0,3,0,14
11/07/2019 08:24:00 PM,18,9,27,0,92,18,43,42,19,11,0,3,0,15
11/07/2019 08:25:00 PM,19,8,27,0,92,18,11,12,3,6,0,2,0,11
11/07/2019 08:26:00 PM,67,9,28,0,92,18,32,33,6,10,0,4,0,16
11/07/2019 08:27:00 PM,21,10,27,0,92,18,47,46,17,13,0,3,0,13
11/07/2019 08:28:00 PM,2594,10,27,0,92,19,11,12,4,6,0,2,0,12
11/07/2019 08:29:00 PM,27,9,27,0,92,19,36,37,4,22,0,5,0,20
11/07/2019 08:30:00 PM,17,8,27,0,92,19,40,39,17,22,0,2,0,11
11/07/2019 08:31:00 PM,19,9,27,0,92,19,33,35,5,10,0,3,0,13
11/07/2019 08:32:00 PM,1698,39,27,0,92,19,39,36,17,19,0,4,0,16
11/07/2019 08:33:00 PM,1054,40,27,0,92,19,39,36,90,60,0,3,0,13
11/07/2019 08:34:00 PM,7249,37,27,0,92,19,127,123,149,101,0,4,0,16
11/07/2019 08:35:00 PM,8242,25,27,0,92,18,78,78,73,54,0,5,0,21
11/07/2019 08:36:00 PM,5495,37,27,0,92,17,119,115,129,87,0,2,0,10
11/07/2019 08:37:00 PM,6566,21,29,0,92,18,131,126,168,109,0,2,0,10
11/07/2019 08:38:00 PM,475,12,23,0,92,18,145,139,93,60,0,3,0,11
11/07/2019 08:39:00 PM,38,9,27,0,92,18,35,37,5,22,0,4,0,19
11/07/2019 08:40:00 PM,15,8,27,0,92,18,10,11,2,6,0,3,0,12
11/07/2019 08:41:00 PM,18,11,27,0,92,18,28,29,6,8,0,3,0,11
11/07/2019 08:42:00 PM,16,12,1,0,92,17,10,10,4,6,0,1,0,4
11/07/2019 08:43:00 PM,21,10,19,0,92,18,51,48,17,24,0,4,0,16
11/07/2019 08:44:00 PM,18,9,26,0,92,19,16,17,6,7,0,3,0,12
11/07/2019 08:45:00 PM,17,8,27,0,92,19,35,36,5,11,0,5,0,21
11/07/2019 08:46:00 PM,17,9,27,0,92,19,23,25,6,7,0,2,0,9
11/07/2019 08:47:00 PM,261,11,27,0,92,19,40,36,16,11,0,2,0,11
11/07/2019 08:48:00 PM,17,11,26,0,92,18,33,32,7,11,0,2,0,8
11/07/2019 08:49:00 PM,30,9,27,0,92,18,59,54,17,23,0,4,0,16
11/07/2019 08:50:00 PM,29,8,27,0,92,19,18,18,5,7,0,2,0,9
11/07/2019 08:51:00 PM,24,9,27,0,92,19,39,41,8,13,0,3,0,15
11/07/2019 08:52:00 PM,24,10,27,0,92,19,26,28,9,8,0,2,0,11
11/07/2019 08:53:00 PM,24,10,28,0,92,19,29,30,9,24,0,3,0,14
11/07/2019 08:54:00 PM,18,9,1,0,92,17,10,10,3,6,0,2,0,9
11/07/2019 08:55:00 PM,16,8,17,0,92,17,14,16,3,22,0,1,0,4
11/07/2019 08:56:00 PM,16,9,2,0,92,17,10,11,3,6,0,2,0,10
11/07/2019 08:57:00 PM,16,10,2,0,92,17,12,13,4,6,0,1,0,3
11/07/2019 08:58:00 PM,19,11,20,0,92,17,55,53,20,13,0,2,0,11
11/07/2019 08:59:00 PM,19,9,27,0,92,18,42,40,17,11,0,2,0,10
11/07/2019 09:00:00 PM,17,8,27,0,92,19,35,37,7,11,0,3,0,15
11/07/2019 09:01:00 PM,18,11,28,0,92,18,32,33,9,11,0,3,0,13
11/07/2019 09:02:00 PM,18,12,27,0,92,19,10,12,4,6,0,3,0,12
11/07/2019 09:03:00 PM,17,10,27,0,92,19,34,33,15,10,0,3,0,14
11/07/2019 09:04:00 PM,16,9,26,0,92,17,39,41,8,22,0,3,0,14
11/07/2019 09:05:00 PM,48,8,27,0,92,18,28,28,4,24,0,5,0,20
11/07/2019 09:06:00 PM,24,9,27,0,92,17,11,12,4,6,0,2,0,10
11/07/2019 09:07:00 PM,23,11,27,0,92,18,44,41,18,13,0,2,0,9
11/07/2019 09:08:00 PM,29,11,26,0,92,18,36,37,7,10,0,3,0,13
11/07/2019 09:09:00 PM,26,9,27,0,92,18,30,31,5,9,0,3,0,13
11/07/2019 09:10:00 PM,33,8,27,0,92,18,132,53,151,22,0,17,0,71
11/07/2019 09:11:00 PM,19,9,27,0,92,18,27,28,8,8,0,3,0,13
11/07/2019 09:12:00 PM,28,11,27,0,92,18,60,55,19,16,0,5,0,21
11/07/2019 09:13:00 PM,36,11,27,0,92,19,145,61,155,13,0,19,0,78
11/07/2019 09:14:00 PM,18,9,27,0,92,19,33,34,10,23,0,5,0,21
11/07/2019 09:15:00 PM,20,8,27,0,92,19,35,34,7,11,0,5,0,20
11/07/2019 09:16:00 PM,17,9,28,0,92,19,25,26,9,8,0,3,0,14
11/07/2019 09:17:00 PM,19,10,28,0,92,19,14,16,5,21,0,3,0,12
11/07/2019 09:18:00 PM,16,11,2,0,92,17,10,11,5,6,0,2,0,10
11/07/2019 09:19:00 PM,17,9,17,0,92,18,17,19,3,23,0,1,0,5
11/07/2019 09:20:00 PM,17,8,16,0,92,18,17,18,6,21,0,3,0,12
11/07/2019 09:21:00 PM,16,11,2,0,92,17,9,10,3,5,0,2,0,9
11/07/2019 09:22:00 PM,16,12,1,0,92,17,11,12,5,6,0,2,0,8
11/07/2019 09:23:00 PM,16,11,1,0,92,17,10,11,5,6,0,1,0,4
11/07/2019 09:24:00 PM,16,9,24,0,92,17,44,41,19,12,0,3,0,12
11/07/2019 09:25:00 PM,16,8,26,0,92,17,32,33,3,10,0,3,0,13
11/07/2019 09:26:00 PM,18,9,27,0,92,17,49,43,18,13,0,3,0,13
11/07/2019 09:27:00 PM,19,10,27,0,92,18,47,44,20,13,0,2,0,10
11/07/2019 09:28:00 PM,24,10,27,0,91,19,35,35,6,10,0,5,0,21
11/07/2019 09:29:00 PM,671,30,28,0,91,19,47,45,32,25,0,5,0,20
11/07/2019 09:30:00 PM,862,38,27,0,91,19,70,65,128,85,0,2,0,11
11/07/2019 09:31:00 PM,394,10,27,0,84,19,58,56,21,15,0,4,0,15
11/07/2019 09:32:00 PM,20,11,27,0,92,18,14,16,6,6,0,2,0,9
11/07/2019 09:33:00 PM,18,11,27,0,92,18,31,33,11,11,0,3,0,14
11/07/2019 09:34:00 PM,20,9,26,0,92,18,13,17,3,22,0,1,0,7
11/07/2019 09:35:00 PM,16,8,27,0,92,18,25,27,7,23,0,2,0,11
11/07/2019 09:36:00 PM,19,10,24,0,92,19,42,40,16,13,0,3,0,13
11/07/2019 09:37:00 PM,230,24,27,0,92,19,62,60,20,15,0,5,0,19
11/07/2019 09:38:00 PM,5302,23,27,0,92,19,47,44,19,22,0,3,0,12
11/07/2019 09:39:00 PM,96,9,27,0,92,19,36,37,9,11,0,13,0,52
11/07/2019 09:40:00 PM,6301,19,27,0,92,19,26,27,6,9,0,5,0,20
11/07/2019 09:41:00 PM,18,9,27,0,92,19,12,13,3,6,0,3,0,12
11/07/2019 09:42:00 PM,21,11,27,0,92,19,25,27,9,22,0,3,0,14
11/07/2019 09:43:00 PM,16,11,17,0,92,18,16,18,5,23,0,2,0,11
11/07/2019 09:44:00 PM,16,9,2,0,92,17,10,11,4,6,0,2,0,9
11/07/2019 09:45:00 PM,16,8,3,0,92,17,18,17,7,6,0,2,0,10
11/07/2019 09:46:00 PM,30,10,2,0,92,18,10,11,4,6,0,2,0,10
11/07/2019 09:47:00 PM,20,11,3,0,92,18,19,18,9,7,0,2,0,9
11/07/2019 09:48:00 PM,16,11,1,0,92,18,12,13,5,6,0,2,0,9
11/07/2019 09:49:00 PM,82,9,22,0,92,18,60,58,19,14,0,3,0,14
11/07/2019 09:50:00 PM,6877,29,27,0,92,19,18,19,5,8,0,2,0,11
11/07/2019 09:51:00 PM,24,9,26,0,92,19,36,36,5,12,0,5,0,22
11/07/2019 09:52:00 PM,18,10,28,0,92,19,24,25,9,7,0,3,0,15
11/07/2019 09:53:00 PM,19,11,28,0,92,19,40,42,14,13,0,3,0,14
11/07/2019 09:54:00 PM,18,9,27,0,91,18,11,11,3,6,0,3,0,11
11/07/2019 09:55:00 PM,17,8,27,0,91,18,34,35,3,10,0,5,0,22
11/07/2019 09:56:00 PM,18,10,26,0,92,18,25,26,7,22,0,2,0,11
11/07/2019 09:57:00 PM,19,11,27,0,92,18,12,13,5,6,0,3,0,12
11/07/2019 09:58:00 PM,18,11,1,0,92,18,10,11,4,6,0,1,0,7
11/07/2019 09:59:00 PM,16,9,19,0,92,18,47,45,21,10,0,3,0,12
11/07/2019 10:00:00 PM,16,8,26,0,92,19,38,37,15,23,0,2,0,8
