Date,Calls per Minute,CPU_%Busy,Memory|Free %,Memory_Used %,Network_Incoming packets/sec,Network_Outgoing packets/sec,Network_Incoming KB/sec,Network_Outgoing KB/sec,Disks_Reads/sec,Disks_Writes/sec,Disks_KB read/sec,Disks_KB written/sec,Average Response Time (ms)
11/6/19 21:50,48,7,43,57,8,9,1,5,0,0,0,3,12
11/6/19 21:51,55,24,45,55,12,13,4,6,0,2,0,7,24
11/6/19 21:52,66,33,44,56,13,13,3,5,0,3,0,12,28
11/6/19 21:53,56,35,43,57,14,15,3,6,0,2,0,11,31
11/6/19 21:54,53,37,41,59,13,14,3,6,0,1,0,5,33
11/6/19 21:55,48,37,43,57,11,12,2,6,0,2,0,9,28
11/6/19 21:56,54,37,41,59,10,11,2,5,0,2,0,9,32
11/6/19 21:57,65,26,38,62,12,12,3,6,0,47,0,189,49
11/6/19 21:58,55,18,41,59,10,11,3,6,0,1,0,5,22
11/6/19 21:59,52,9,44,57,14,15,3,8,0,1,0,6,29
11/6/19 22:00,48,8,43,57,9,10,1,5,0,1,0,4,11
11/6/19 22:01,54,9,46,54,11,11,3,6,0,1,0,4,12
11/6/19 22:02,67,8,43,57,11,11,2,5,0,1,0,3,12
11/6/19 22:03,72,9,43,57,14,14,4,6,0,1,0,4,15
11/6/19 22:04,83,8,41,59,10,11,3,5,0,0,0,3,16
11/6/19 22:05,79,9,43,57,10,11,3,6,0,1,0,3,17
11/6/19 22:06,85,7,44,56,13,13,4,5,0,0,0,3,17
11/6/19 22:07,101,8,44,56,8,9,2,4,0,1,0,3,54
11/6/19 22:08,87,7,41,59,10,11,3,5,0,0,0,3,16
11/6/19 22:09,66,7,46,54,9,9,2,5,0,0,0,3,14
11/6/19 22:10,48,7,46,54,10,10,2,5,0,1,0,3,12
11/6/19 22:11,54,6,43,57,9,10,2,5,0,1,0,3,12
11/6/19 22:12,67,6,43,57,10,10,2,5,0,0,0,3,13
11/6/19 22:13,57,7,46,54,9,9,2,5,0,0,0,2,12
11/6/19 22:14,54,6,46,54,9,10,2,5,0,0,0,3,12
11/6/19 22:15,47,5,44,56,7,8,1,4,0,0,0,2,12
11/6/19 22:16,54,6,44,56,11,11,2,5,0,0,0,3,12
11/6/19 22:17,63,7,46,54,8,9,2,5,0,0,0,3,12
11/6/19 22:18,57,6,46,54,9,10,2,5,0,1,0,3,11
11/6/19 22:19,51,6,46,54,8,9,2,4,0,1,0,4,11
11/6/19 22:20,48,7,46,54,9,9,2,5,0,0,0,3,12
11/6/19 22:21,53,26,43,57,14,15,4,6,0,1,0,7,11
11/6/19 22:22,65,35,41,59,13,14,3,6,0,3,0,13,18
11/6/19 22:23,56,36,41,59,10,11,2,5,0,2,0,10,16
11/6/19 22:24,52,35,43,57,11,12,3,5,0,1,0,4,12
11/6/19 22:25,48,36,40,60,13,13,3,5,0,2,0,9,12
11/6/19 22:26,53,37,38,62,10,10,1,5,0,2,0,9,33
11/6/19 22:27,67,21,43,57,9,10,3,7,0,44,0,176,21
11/6/19 22:28,58,16,44,56,9,10,2,5,0,1,0,3,11
11/6/19 22:29,53,5,44,56,9,9,2,5,0,1,0,5,12
11/6/19 22:30,48,5,46,54,7,8,1,5,0,0,0,3,11
11/6/19 22:31,54,5,46,54,8,8,1,4,0,0,0,3,11
11/6/19 22:32,65,6,46,54,11,11,3,5,0,0,0,3,13
11/6/19 22:33,69,10,46,55,19,19,6,7,0,1,0,4,14
11/6/19 22:34,85,10,45,55,13,13,3,5,0,1,0,6,17
11/6/19 22:35,79,10,45,55,10,10,2,5,0,1,0,4,17
11/6/19 22:36,86,10,45,55,12,13,3,5,0,1,0,4,16
11/6/19 22:37,97,7,39,62,8,8,2,4,0,0,0,2,16
11/6/19 22:38,90,8,41,59,15,15,5,8,0,0,0,3,16
11/6/19 22:39,67,7,46,54,11,11,3,7,0,1,0,3,14
11/6/19 22:40,46,6,46,54,8,8,1,4,0,1,0,5,13
11/6/19 22:41,54,7,46,54,12,12,3,5,0,1,0,3,12
11/6/19 22:42,65,7,46,54,9,10,2,5,0,1,0,4,12
11/6/19 22:43,57,6,43,57,8,9,2,4,0,0,0,3,11
11/6/19 22:44,52,7,46,54,11,11,3,6,0,0,0,2,12
11/6/19 22:45,48,7,46,54,9,9,1,5,0,0,0,3,11
11/6/19 22:46,53,6,44,56,9,10,2,5,0,1,0,3,12
11/6/19 22:47,67,8,46,54,13,13,4,6,0,1,0,3,12
11/6/19 22:48,56,9,46,54,11,11,3,5,0,1,0,4,12
11/6/19 22:49,53,8,44,56,11,11,2,5,0,1,0,4,12
11/6/19 22:50,48,8,44,56,7,8,1,4,0,0,0,3,12
11/6/19 22:51,53,8,46,54,10,11,2,6,0,1,0,3,12
11/6/19 22:52,63,5,41,59,8,9,2,5,0,0,0,3,12
11/6/19 22:53,55,6,43,57,9,9,2,6,0,0,0,2,12
11/6/19 22:54,51,5,46,54,8,9,2,5,0,0,0,3,12
11/6/19 22:55,48,5,46,54,9,9,2,5,0,0,0,3,13
11/6/19 22:56,54,6,46,54,9,9,2,4,0,0,0,3,12
11/6/19 22:57,67,23,45,55,11,12,3,5,0,1,0,7,29
11/6/19 22:58,56,32,43,57,10,10,2,5,0,3,0,12,23
11/6/19 22:59,53,33,43,57,11,11,2,5,0,2,0,10,36
11/6/19 23:00,48,34,41,59,8,9,1,4,0,1,0,4,22
11/6/19 23:01,55,34,41,59,9,10,2,4,0,2,0,8,28
11/6/19 23:02,67,34,43,57,10,10,2,5,0,1,0,6,32
11/6/19 23:03,70,19,43,57,11,11,3,5,0,42,0,169,54
11/6/19 23:04,83,16,44,56,10,10,3,5,0,1,0,6,22
11/6/19 23:05,81,6,46,54,9,9,2,5,0,1,0,7,15
11/6/19 23:06,83,6,46,54,10,10,3,5,0,0,0,3,15
11/6/19 23:07,102,7,43,57,16,16,6,6,0,1,0,4,78
11/6/19 23:08,89,8,44,57,10,10,3,5,0,1,0,4,16
11/6/19 23:09,64,9,46,54,11,11,3,6,0,1,0,6,14
11/6/19 23:10,49,8,46,54,12,12,3,5,0,1,0,4,12
11/6/19 23:11,55,10,46,55,11,11,2,5,0,1,0,4,12
11/6/19 23:12,66,8,41,59,12,12,3,5,0,1,0,4,13
11/6/19 23:13,56,9,46,54,9,10,2,6,0,0,0,3,12
11/6/19 23:14,52,7,46,54,9,10,2,5,0,1,0,3,12
11/6/19 23:15,47,5,41,59,7,8,1,4,0,0,0,2,11
11/6/19 23:16,55,6,44,56,8,8,1,5,0,0,0,2,11
11/6/19 23:17,65,5,44,56,8,9,2,4,0,0,0,3,12
11/6/19 23:18,56,6,46,54,11,11,3,5,0,0,0,3,11
11/6/19 23:19,52,6,46,54,7,8,2,4,0,0,0,3,12
11/6/19 23:20,48,8,46,54,12,12,2,5,0,1,0,4,11
11/6/19 23:21,54,9,46,54,11,12,3,5,0,1,0,4,12
11/6/19 23:22,64,9,45,55,11,11,3,5,0,1,0,3,12
11/6/19 23:23,56,9,43,57,13,13,3,5,0,1,0,3,12
11/6/19 23:24,52,15,45,55,11,12,2,6,0,1,0,4,12
11/6/19 23:25,47,33,39,61,12,12,3,5,0,3,0,14,22
11/6/19 23:26,53,35,41,59,10,11,2,6,0,2,0,10,19
11/6/19 23:27,65,35,41,59,11,12,3,6,0,2,0,8,12
11/6/19 23:28,58,33,41,59,8,9,2,4,0,1,0,5,12
11/6/19 23:29,57,34,43,57,14,14,4,6,0,2,0,8,12
11/6/19 23:30,46,35,43,57,10,11,2,5,0,24,0,96,24
11/6/19 23:31,55,9,44,57,10,10,2,5,0,20,0,83,27
11/6/19 23:32,67,17,44,56,10,10,3,6,0,1,0,5,13
11/6/19 23:33,71,8,46,54,10,10,3,5,0,1,0,3,14
11/6/19 23:34,83,6,41,59,12,12,3,5,0,0,0,3,34
11/6/19 23:35,81,7,44,56,10,11,2,6,0,1,0,3,22
11/6/19 23:36,85,7,46,54,9,10,2,5,0,1,0,4,23
11/6/19 23:37,97,6,46,54,10,11,3,5,0,0,0,3,33
11/6/19 23:38,92,6,46,54,10,10,3,5,0,1,0,3,16
11/6/19 23:39,65,5,44,56,8,9,2,4,0,0,0,3,14
11/6/19 23:40,50,5,46,54,8,8,1,5,0,0,0,3,12
11/6/19 23:41,54,5,46,54,9,10,2,5,0,0,0,3,12
11/6/19 23:42,65,7,46,54,12,13,3,5,0,0,0,3,12
11/6/19 23:43,57,8,46,54,11,11,2,5,0,1,0,4,12
11/6/19 23:44,53,7,46,54,8,8,1,4,0,0,0,3,11
11/6/19 23:45,48,8,46,54,11,11,2,5,0,1,0,3,12
11/6/19 23:46,53,8,43,57,10,10,2,5,0,1,0,3,12
11/6/19 23:47,65,7,41,59,10,11,3,5,0,1,0,3,13
11/6/19 23:48,109,7,41,59,11,12,5,6,0,0,0,3,48
11/6/19 23:49,87,8,46,54,12,12,5,6,0,0,0,3,36
11/6/19 23:50,48,7,43,57,9,10,2,5,0,1,0,3,33
11/6/19 23:51,54,7,43,57,10,10,3,5,0,0,0,3,45
11/6/19 23:52,63,9,46,55,13,13,3,6,0,1,0,4,12
11/6/19 23:53,55,8,44,56,12,12,3,5,0,1,0,5,12
11/6/19 23:54,52,9,46,54,13,13,3,6,0,0,0,3,13
11/6/19 23:55,48,9,45,55,9,9,1,4,0,1,0,4,12
11/6/19 23:56,52,8,43,57,10,11,2,5,0,1,0,4,12
11/6/19 23:57,65,7,41,59,9,9,2,5,0,0,0,3,12
11/6/19 23:58,55,12,43,57,12,13,3,6,0,0,0,3,12
11/6/19 23:59,54,31,42,58,12,12,3,6,0,3,0,13,12
11/7/19 0:00,48,36,43,57,13,14,3,6,0,2,0,11,12
11/7/19 0:01,55,34,43,57,11,12,2,5,0,2,0,9,12
11/7/19 0:02,67,35,43,57,9,10,2,5,0,1,0,5,12
11/7/19 0:03,67,35,41,59,11,12,3,5,0,2,0,9,14
11/7/19 0:04,85,35,43,57,10,10,3,5,0,6,0,25,24
11/7/19 0:05,79,8,41,59,9,9,2,5,0,41,0,165,37
11/7/19 0:06,86,18,44,56,10,11,3,6,0,1,0,7,22
11/7/19 0:07,96,8,46,54,16,16,6,6,0,1,0,4,16
11/7/19 0:08,93,9,46,54,13,14,4,5,0,1,0,4,16
11/7/19 0:09,67,9,46,55,10,11,2,5,0,1,0,4,14
11/7/19 0:10,50,9,46,54,9,10,2,5,0,1,0,3,12
11/7/19 0:11,54,9,46,54,9,10,2,5,0,1,0,4,12
11/7/19 0:12,66,6,38,62,8,9,2,4,0,0,0,3,12
11/7/19 0:13,55,6,41,59,9,10,2,6,0,0,0,3,12
11/7/19 0:14,54,6,46,54,8,9,2,5,0,0,0,3,12
11/7/19 0:15,48,5,46,54,7,8,1,4,0,0,0,3,12
11/7/19 0:16,54,5,46,54,8,8,1,4,0,0,0,3,12
11/7/19 0:17,63,5,46,54,8,8,2,4,0,0,0,2,12
11/7/19 0:18,57,6,46,54,10,11,3,5,0,0,0,3,11
11/7/19 0:19,53,6,46,54,9,9,2,5,0,0,0,3,11
11/7/19 0:20,47,6,46,54,8,8,1,4,0,0,0,3,11
11/7/19 0:21,98,6,46,54,10,10,3,5,0,1,0,3,23
11/7/19 0:22,106,7,46,54,11,12,7,6,0,0,0,3,39
11/7/19 0:23,57,7,44,57,15,15,4,6,0,1,0,3,26
11/7/19 0:24,53,8,43,57,10,10,2,5,0,0,0,3,12
11/7/19 0:25,48,8,46,54,9,9,1,5,0,1,0,4,12
11/7/19 0:26,53,8,46,54,9,10,2,5,0,0,0,3,12
11/7/19 0:27,62,6,44,57,8,9,2,4,0,0,0,3,12
11/7/19 0:28,55,6,41,59,9,9,2,5,0,0,0,2,11
11/7/19 0:29,55,7,44,56,9,10,2,6,0,1,0,4,11
11/7/19 0:30,48,7,46,54,9,10,1,5,0,1,0,3,11
11/7/19 0:31,53,19,45,55,11,11,2,5,0,1,0,6,11
11/7/19 0:32,64,34,44,56,14,15,4,6,0,3,0,13,22
11/7/19 0:33,56,37,41,59,16,17,4,6,0,2,0,11,33
11/7/19 0:34,54,38,40,60,12,13,3,5,0,1,0,6,12
11/7/19 0:35,48,38,43,57,13,14,2,5,0,2,0,9,13
11/7/19 0:36,54,38,40,60,12,12,2,5,0,2,0,8,12
11/7/19 0:37,65,29,41,59,10,11,3,6,0,45,0,181,29
11/7/19 0:38,56,17,39,61,12,12,4,5,0,2,0,10,26
11/7/19 0:39,55,10,43,57,11,12,2,8,0,1,0,5,12
11/7/19 0:40,48,8,43,57,11,11,2,5,0,1,0,4,12
11/7/19 0:41,54,8,46,54,11,11,2,6,0,1,0,4,12
11/7/19 0:42,65,6,43,57,8,9,2,4,0,0,0,3,12
11/7/19 0:43,55,6,43,57,10,10,2,5,0,0,0,3,11
11/7/19 0:44,54,7,46,54,9,9,2,5,0,0,0,3,11
11/7/19 0:45,48,5,44,56,7,8,1,4,0,0,0,3,11
11/7/19 0:46,52,5,46,54,8,9,2,5,0,0,0,3,11
11/7/19 0:47,62,5,46,54,8,8,2,4,0,0,0,2,12
11/7/19 0:48,53,6,46,54,8,9,2,4,0,0,0,2,11
11/7/19 0:49,55,5,46,54,8,8,2,4,0,1,0,5,11
11/7/19 0:50,47,5,46,54,8,8,1,4,0,0,0,3,11
11/7/19 0:51,53,5,46,54,8,8,1,4,0,0,0,3,11
11/7/19 0:52,63,6,46,54,7,8,2,4,0,0,0,3,12
11/7/19 0:53,55,28,44,56,14,14,4,6,0,2,0,11,22
11/7/19 0:54,53,34,43,57,11,12,3,5,0,2,0,8,24
11/7/19 0:55,48,34,43,57,12,13,2,5,0,2,0,9,19
11/7/19 0:56,54,34,43,57,8,9,1,4,0,1,0,5,22
11/7/19 0:57,66,35,43,57,11,11,3,5,0,2,0,9,12
11/7/19 0:58,55,36,38,62,8,8,2,4,0,1,0,6,12
11/7/19 0:59,55,12,44,56,9,10,2,7,0,45,0,180,32
11/7/19 1:00,48,17,44,56,16,16,4,7,0,1,0,6,12
11/7/19 1:01,54,9,46,54,12,12,2,5,0,1,0,5,12
11/7/19 1:02,64,9,46,55,9,10,2,5,0,1,0,4,12
11/7/19 1:03,54,10,45,55,13,13,3,6,0,1,0,3,12
11/7/19 1:04,54,9,43,57,10,10,2,5,0,1,0,4,12
11/7/19 1:05,48,7,39,61,8,9,1,5,0,0,0,3,11
11/7/19 1:06,53,8,44,56,11,11,2,7,0,0,0,3,12
11/7/19 1:07,62,7,46,54,8,9,2,5,0,0,0,3,12
11/7/19 1:08,54,5,44,56,8,8,2,4,0,0,0,2,11
11/7/19 1:09,55,6,44,56,10,11,3,5,0,0,0,3,12
11/7/19 1:10,48,7,46,54,10,10,2,6,0,0,0,3,12
11/7/19 1:11,53,7,46,54,11,11,2,5,0,1,0,4,11
11/7/19 1:12,64,9,46,54,12,12,3,5,0,1,0,4,12
11/7/19 1:13,54,9,46,54,10,11,2,5,0,1,0,4,12
11/7/19 1:14,53,8,43,57,11,11,3,5,0,0,0,3,12
11/7/19 1:15,47,9,43,57,13,13,3,6,0,1,0,5,13
11/7/19 1:16,54,9,43,57,11,11,2,5,0,1,0,5,12
11/7/19 1:17,87,8,41,59,11,11,4,7,0,0,0,4,31
11/7/19 1:18,73,8,46,54,11,12,4,7,0,1,0,3,17
11/7/19 1:19,59,7,44,56,9,9,2,5,0,1,0,3,14
11/7/19 1:20,49,5,41,59,7,8,1,4,0,0,0,3,14
11/7/19 1:21,60,6,46,54,9,10,2,6,0,0,0,3,13
11/7/19 1:22,80,5,46,54,10,11,3,5,0,0,0,3,17
11/7/19 1:23,59,6,46,54,10,10,2,5,0,0,0,3,13
11/7/19 1:24,53,6,46,54,9,9,2,5,0,0,0,3,13
11/7/19 1:25,47,12,45,55,7,8,1,4,0,1,0,3,12
11/7/19 1:26,58,29,44,56,12,13,3,5,0,3,0,13,13
11/7/19 1:27,64,34,41,59,9,10,2,5,0,2,0,9,12
11/7/19 1:28,59,35,41,59,12,13,3,5,0,2,0,7,16
11/7/19 1:29,68,34,43,57,11,12,3,6,0,1,0,7,19
11/7/19 1:30,66,34,43,57,10,11,2,5,0,2,0,8,15
11/7/19 1:31,53,34,43,57,12,12,3,5,0,38,0,152,913
11/7/19 1:32,64,7,41,59,10,10,2,5,0,6,0,27,28
11/7/19 1:33,54,17,45,55,9,10,2,6,0,1,0,5,13
11/7/19 1:34,55,6,46,54,9,10,3,5,0,0,0,3,13
11/7/19 1:35,48,6,44,57,10,10,2,5,0,0,0,3,12
11/7/19 1:36,55,8,44,57,13,13,3,5,0,1,0,4,13
11/7/19 1:37,63,8,46,54,10,11,3,6,0,1,0,4,13
11/7/19 1:38,54,8,46,54,9,9,2,5,0,0,0,3,12
11/7/19 1:39,55,6,44,56,9,10,3,5,0,0,0,2,13
11/7/19 1:40,63,8,44,56,8,9,1,5,0,1,0,4,26
11/7/19 1:41,91,6,43,57,10,11,3,7,0,1,0,6,11
11/7/19 1:42,72,7,46,54,14,14,5,7,0,1,0,4,14
11/7/19 1:43,54,9,46,54,13,13,3,6,0,1,0,4,13
11/7/19 1:44,56,9,46,55,11,12,2,5,0,1,0,4,13
11/7/19 1:45,48,9,46,55,8,9,1,4,0,0,0,3,13
11/7/19 1:46,54,10,45,55,13,13,3,6,0,1,0,4,13
11/7/19 1:47,65,8,38,62,12,12,3,5,0,0,0,3,13
11/7/19 1:48,54,9,43,57,11,12,3,7,0,1,0,3,12
11/7/19 1:49,56,8,46,54,11,11,2,6,0,1,0,4,13
11/7/19 1:50,47,8,46,54,7,8,1,4,0,1,0,3,12
11/7/19 1:51,56,7,44,56,9,10,2,5,0,0,0,3,12
11/7/19 1:52,70,23,43,57,14,14,4,7,0,1,1,6,12
11/7/19 1:53,71,33,42,58,12,13,2,6,0,3,0,12,33
11/7/19 1:54,83,34,43,57,11,12,4,8,0,2,0,10,26
11/7/19 1:55,84,33,43,57,10,11,2,6,0,1,0,5,13
11/7/19 1:56,61,34,41,59,12,12,4,5,0,2,0,7,13
11/7/19 1:57,69,35,41,59,9,10,2,5,0,2,0,9,17
11/7/19 1:58,54,23,41,59,10,10,2,5,0,45,0,180,1014
11/7/19 1:59,56,16,43,57,8,8,2,4,0,1,0,4,12
11/7/19 2:00,49,7,46,54,9,9,1,5,0,1,0,5,13
11/7/19 2:01,54,6,44,56,11,11,2,5,0,0,0,3,13
11/7/19 2:02,63,6,44,56,9,10,2,5,0,0,0,3,13
11/7/19 2:03,53,7,46,54,8,9,2,5,0,0,0,3,12
11/7/19 2:04,55,6,46,54,8,9,2,4,0,0,0,3,12
11/7/19 2:05,47,6,46,54,7,8,1,4,0,0,0,3,11
11/7/19 2:06,53,5,43,57,7,8,1,4,0,0,0,3,12
11/7/19 2:07,65,5,46,54,8,9,2,5,0,0,0,3,12
11/7/19 2:08,54,6,46,54,9,10,2,5,0,0,0,3,13
11/7/19 2:09,54,7,46,54,12,12,3,5,0,1,0,3,13
11/7/19 2:10,48,8,46,54,10,11,2,5,0,1,0,4,13
11/7/19 2:11,58,8,45,55,9,9,2,5,0,1,0,3,12
11/7/19 2:12,67,9,46,54,12,12,4,5,0,1,0,4,12
11/7/19 2:13,50,7,41,59,10,11,2,5,0,0,0,3,13
11/7/19 2:14,53,8,46,54,11,11,3,7,0,0,0,2,12
11/7/19 2:15,47,12,45,55,15,15,3,6,0,1,0,5,14
11/7/19 2:16,56,44,40,60,11,12,2,5,4,3,93,12,15
11/7/19 2:17,64,46,41,59,8,9,2,5,10,3,277,15,29
11/7/19 2:18,53,45,41,59,10,10,2,5,14,7,373,31,32
11/7/19 2:19,54,45,38,62,8,8,2,4,21,9,347,38,34
11/7/19 2:20,48,45,35,65,7,8,1,4,21,8,258,34,28
11/7/19 2:21,52,45,41,59,9,9,2,6,14,5,447,22,22
11/7/19 2:22,62,44,41,59,11,11,3,5,24,5,663,23,29
11/7/19 2:23,54,53,41,59,9,10,2,5,29,2,332,9,28
11/7/19 2:24,54,57,42,58,13,13,4,5,24,4,398,15,34
11/7/19 2:25,47,56,42,58,10,11,2,5,7,2,202,9,21
11/7/19 2:26,54,56,40,60,10,11,2,5,1,3,102,15,19
11/7/19 2:27,65,57,40,60,9,9,2,4,1,2,62,8,21
11/7/19 2:28,55,40,45,55,9,10,2,5,2,1,117,6,19
11/7/19 2:29,56,34,43,57,11,12,3,5,1,2,6,8,12
11/7/19 2:30,47,36,45,55,12,12,3,6,0,1,0,5,13
11/7/19 2:31,53,18,45,55,11,11,2,5,7,43,66,172,13
11/7/19 2:32,63,18,45,55,10,11,3,5,0,1,1,7,13
11/7/19 2:33,56,7,48,52,8,9,2,5,0,0,0,3,12
11/7/19 2:34,55,7,46,54,9,10,2,5,0,0,0,3,13
11/7/19 2:35,48,8,45,55,12,12,3,6,0,1,0,5,12
11/7/19 2:36,56,8,45,55,10,11,2,5,0,1,0,4,12
11/7/19 2:37,67,8,48,52,11,11,2,6,0,1,0,4,13
11/7/19 2:38,55,9,48,52,13,14,4,6,0,1,0,3,12
11/7/19 2:39,55,10,47,53,11,12,2,5,0,1,0,4,13
11/7/19 2:40,47,8,42,57,9,10,1,5,0,1,0,6,12
11/7/19 2:41,54,8,42,58,9,9,2,5,0,0,0,3,12
11/7/19 2:42,63,8,45,55,10,10,2,6,0,1,0,4,12
11/7/19 2:43,54,5,43,57,8,9,2,4,0,0,0,3,12
11/7/19 2:44,55,6,45,55,8,9,2,5,0,0,0,3,12
11/7/19 2:45,48,7,47,53,11,11,3,6,0,0,0,3,12
11/7/19 2:46,54,6,47,53,9,9,1,5,0,1,0,3,12
11/7/19 2:47,63,7,47,53,11,11,3,5,0,0,0,3,12
11/7/19 2:48,55,8,47,53,9,10,2,5,0,1,0,3,14
11/7/19 2:49,54,6,45,55,9,9,2,4,0,0,0,3,13
11/7/19 2:50,46,6,45,55,8,9,2,4,0,0,0,3,13
11/7/19 2:51,54,8,47,53,12,13,3,6,0,0,0,3,15
11/7/19 2:52,65,8,45,55,10,10,2,5,0,1,0,3,12
11/7/19 2:53,55,8,45,55,11,12,2,5,0,1,0,4,14
11/7/19 2:54,55,9,47,53,12,12,3,6,0,0,0,3,14
11/7/19 2:55,48,9,47,53,10,10,2,5,0,1,0,4,14
11/7/19 2:56,56,7,43,58,8,8,1,4,0,0,0,3,13
11/7/19 2:57,65,7,47,53,9,10,2,6,0,0,0,3,12
11/7/19 2:58,53,23,46,54,10,10,3,5,0,1,1,6,12
11/7/19 2:59,54,33,43,57,13,13,3,5,0,3,0,13,12
11/7/19 3:00,47,34,45,55,10,11,1,6,0,2,0,10,12
11/7/19 3:01,53,33,45,55,9,10,2,5,0,1,0,5,12
11/7/19 3:02,65,34,45,55,13,14,4,5,0,2,0,8,12
11/7/19 3:03,55,35,44,56,10,10,2,5,0,2,0,8,12
11/7/19 3:04,55,22,43,57,8,9,2,5,0,45,1,179,89
11/7/19 3:05,48,19,43,57,14,14,4,6,0,1,0,7,12
11/7/19 3:06,54,8,45,55,11,12,2,7,0,1,0,6,12
11/7/19 3:07,63,8,45,55,9,10,2,5,0,1,0,4,13
11/7/19 3:08,53,8,47,53,9,10,2,6,0,5,0,21,12
11/7/19 3:09,55,8,47,53,8,9,2,4,0,1,0,3,12
11/7/19 3:10,47,5,43,57,7,8,1,4,0,0,0,3,12
11/7/19 3:11,53,6,45,55,8,9,2,5,0,0,0,2,12
11/7/19 3:12,64,5,47,53,8,9,2,5,0,0,0,3,12
11/7/19 3:13,54,5,47,53,9,9,2,5,0,0,0,3,12
11/7/19 3:14,52,6,47,53,10,10,3,5,0,0,0,3,12
11/7/19 3:15,48,6,47,53,8,9,1,5,0,0,0,3,12
11/7/19 3:16,56,6,47,53,8,8,1,4,0,0,0,3,12
11/7/19 3:17,65,6,47,53,9,10,2,5,0,3,0,12,12
11/7/19 3:18,54,11,45,55,8,8,2,4,3,84,357,339,73
11/7/19 3:19,54,5,45,55,8,8,2,4,0,8,0,32,12
11/7/19 3:20,48,7,47,53,12,12,3,6,0,0,0,3,12
11/7/19 3:21,54,7,47,53,10,11,2,5,0,1,0,4,13
11/7/19 3:22,64,8,47,53,13,14,3,6,0,1,0,4,13
11/7/19 3:23,54,9,47,53,9,10,2,5,0,1,0,3,12
11/7/19 3:24,55,26,46,54,14,14,4,6,0,4,0,16,13
11/7/19 3:25,48,37,40,60,12,13,2,5,0,3,0,13,13
11/7/19 3:26,54,38,42,58,16,16,3,7,0,5,0,21,13
11/7/19 3:27,63,38,42,58,9,10,2,6,0,1,0,5,13
11/7/19 3:28,56,37,44,56,15,16,4,7,0,4,0,17,12
11/7/19 3:29,53,37,42,58,10,10,2,5,0,2,0,8,12
11/7/19 3:30,47,25,42,58,20,20,4,9,0,45,1,181,112
11/7/19 3:31,54,18,42,58,13,13,2,8,0,2,0,8,12
11/7/19 3:32,63,7,47,53,9,10,2,6,0,1,0,5,13
11/7/19 3:33,55,7,45,55,15,15,4,6,0,0,0,3,13
11/7/19 3:34,54,8,47,53,12,13,3,6,0,1,0,3,13
11/7/19 3:35,48,8,47,53,8,9,1,5,0,0,0,3,12
11/7/19 3:36,56,9,47,53,13,13,3,5,0,1,0,4,13
11/7/19 3:37,69,9,47,53,10,11,2,5,0,1,0,4,13
11/7/19 3:38,56,7,42,58,9,9,2,4,0,0,0,2,11
11/7/19 3:39,55,7,47,53,11,12,3,7,0,0,0,3,11
11/7/19 3:40,48,5,45,55,8,8,1,4,0,1,0,3,11
11/7/19 3:41,54,5,45,55,8,9,1,4,0,0,0,2,11
11/7/19 3:42,64,5,47,53,9,9,2,5,0,0,0,3,11
11/7/19 3:43,54,5,47,53,8,8,2,4,0,0,0,3,11
11/7/19 3:44,54,5,47,53,10,10,3,5,0,0,0,2,11
11/7/19 3:45,48,6,47,53,10,10,1,5,0,0,0,3,11
11/7/19 3:46,53,6,47,53,9,10,1,5,0,3,0,12,12
11/7/19 3:47,64,7,47,53,10,10,3,5,0,0,0,2,12
11/7/19 3:48,54,8,47,53,11,11,3,5,0,0,0,3,12
11/7/19 3:49,55,25,44,56,12,12,3,5,0,3,1,12,12
11/7/19 3:50,48,35,42,58,10,11,2,5,0,1,0,7,12
11/7/19 3:51,55,34,45,55,13,13,2,6,0,2,0,10,12
11/7/19 3:52,65,36,42,58,14,15,4,6,0,1,0,5,12
11/7/19 3:53,54,36,44,56,12,13,3,6,0,2,0,8,12
11/7/19 3:54,55,35,44,56,10,11,2,5,0,2,0,8,12
11/7/19 3:55,48,20,44,56,11,12,2,5,0,40,0,163,121
11/7/19 3:56,56,17,42,58,9,9,2,5,0,0,0,3,12
11/7/19 3:57,65,5,42,58,9,10,2,5,0,1,0,4,12
11/7/19 3:58,54,6,45,55,15,15,2,6,0,0,0,2,11
11/7/19 3:59,55,6,47,53,11,11,3,5,0,0,0,2,11
11/7/19 4:00,48,6,47,53,10,11,2,5,0,1,0,4,11
11/7/19 4:01,54,7,47,53,10,10,2,5,0,1,0,4,11
11/7/19 4:02,64,6,47,53,8,9,2,4,0,0,0,2,12
11/7/19 4:03,55,8,47,53,12,13,3,5,0,1,0,3,12
11/7/19 4:04,55,9,44,56,16,17,5,6,0,1,0,3,12
11/7/19 4:05,48,9,44,56,11,11,2,5,0,1,0,4,12
11/7/19 4:06,54,9,47,54,11,11,2,6,0,1,0,3,12
11/7/19 4:07,64,9,46,54,10,11,3,5,0,0,0,3,12
11/7/19 4:08,54,8,44,56,8,9,2,4,0,0,0,3,12
11/7/19 4:09,55,6,40,60,8,9,2,5,0,0,0,2,12
11/7/19 4:10,47,7,47,53,10,11,2,7,0,0,0,3,12
11/7/19 4:11,56,6,47,53,9,10,2,5,0,1,0,3,13
11/7/19 4:12,65,6,47,53,9,10,2,5,0,1,2,3,12
11/7/19 4:13,53,6,47,53,8,9,2,4,0,0,0,2,12
11/7/19 4:14,55,7,47,53,12,13,3,5,0,0,0,3,12
11/7/19 4:15,46,7,45,55,8,9,1,4,0,0,0,2,11
11/7/19 4:16,55,7,47,53,10,10,2,6,0,1,0,4,12
11/7/19 4:17,65,7,47,53,12,12,4,5,0,0,0,3,12
11/7/19 4:18,55,8,47,53,9,9,2,5,0,0,0,3,12
11/7/19 4:19,55,19,44,56,14,14,3,5,4,1,184,4,45
11/7/19 4:20,47,35,42,58,13,13,3,5,0,3,0,15,12
11/7/19 4:21,54,36,44,56,12,13,2,6,0,2,0,9,12
11/7/19 4:22,65,35,41,59,10,11,2,5,0,1,0,5,12
11/7/19 4:23,55,35,43,57,14,14,3,6,0,1,0,6,12
11/7/19 4:24,55,35,40,60,11,12,2,5,0,1,0,7,12
11/7/19 4:25,47,30,41,60,11,11,1,5,0,40,0,163,59
11/7/19 4:26,54,12,43,57,14,15,3,7,0,5,0,20,34
11/7/19 4:27,64,15,45,55,14,14,4,6,0,1,0,6,22
11/7/19 4:28,53,8,44,56,13,14,3,5,0,3,0,13,34
11/7/19 4:29,55,8,46,54,9,10,2,6,0,0,0,3,12
11/7/19 4:30,47,8,46,54,10,10,2,5,0,1,0,4,12
11/7/19 4:31,54,7,44,56,9,10,2,5,0,0,0,3,12
11/7/19 4:32,63,7,44,56,10,11,3,6,0,0,0,3,12
11/7/19 4:33,54,7,46,54,12,12,4,6,0,0,0,3,11
11/7/19 4:34,54,7,46,54,9,9,2,5,0,0,0,3,12
11/7/19 4:35,47,8,46,54,10,10,2,5,0,0,0,3,12
11/7/19 4:36,55,7,43,57,10,10,2,5,0,0,0,2,12
11/7/19 4:37,65,8,46,54,11,11,2,6,0,1,0,4,12
11/7/19 4:38,55,6,44,56,9,10,2,5,0,0,0,3,11
11/7/19 4:39,55,6,44,56,7,8,1,4,0,0,0,2,12
11/7/19 4:40,47,7,46,54,9,9,1,5,0,0,0,3,11
11/7/19 4:41,53,5,44,56,8,8,1,4,0,0,0,2,11
11/7/19 4:42,65,5,46,54,8,8,2,5,0,0,0,2,11
11/7/19 4:43,55,5,46,54,8,8,2,4,0,0,0,3,11
11/7/19 4:44,53,10,45,55,11,11,3,5,0,0,0,2,12
11/7/19 4:45,47,29,45,56,12,12,2,5,0,3,0,12,11
11/7/19 4:46,54,34,44,56,9,10,2,5,0,2,0,10,12
11/7/19 4:47,64,33,43,57,12,12,3,5,0,2,0,8,12
11/7/19 4:48,53,33,43,57,8,9,2,4,0,1,0,4,12
11/7/19 4:49,53,35,41,59,12,13,3,5,0,2,0,9,12
11/7/19 4:50,47,36,43,57,12,13,2,6,0,11,0,45,23
11/7/19 4:51,54,10,43,57,10,10,2,5,0,36,0,144,89
11/7/19 4:52,62,18,44,56,10,10,3,6,0,1,0,5,13
11/7/19 4:53,54,9,46,54,11,12,3,5,0,0,0,3,12
11/7/19 4:54,54,7,44,57,10,10,2,6,0,0,0,2,12
11/7/19 4:55,46,8,44,57,11,11,2,5,0,0,0,4,12
11/7/19 4:56,54,9,45,55,14,14,4,7,0,1,0,4,12
11/7/19 4:57,65,10,43,57,14,15,4,6,0,1,0,4,12
11/7/19 4:58,55,11,43,57,12,13,3,5,0,1,0,4,12
11/7/19 4:59,55,11,43,57,13,13,3,6,0,1,0,3,12
11/7/19 5:00,48,11,45,55,12,13,2,6,0,1,0,4,11
11/7/19 5:01,54,8,41,59,10,10,2,5,0,1,0,3,12
11/7/19 5:02,65,7,39,61,8,8,2,4,0,0,0,2,12
11/7/19 5:03,55,7,41,59,10,10,3,6,0,0,0,2,11
11/7/19 5:04,54,5,41,59,8,8,2,4,0,0,0,2,12
11/7/19 5:05,47,5,43,57,8,8,1,4,0,0,0,3,11
11/7/19 5:06,54,5,46,54,8,9,2,5,0,0,0,2,12
11/7/19 5:07,64,5,46,54,8,9,2,4,0,0,0,2,12
11/7/19 5:08,55,5,46,54,7,8,2,4,0,0,0,2,12
11/7/19 5:09,54,5,46,54,8,8,2,4,0,0,0,2,11
11/7/19 5:10,46,5,46,54,7,8,1,4,0,0,0,3,16
11/7/19 5:11,57,5,46,54,8,8,2,4,0,0,0,3,11
11/7/19 5:12,64,5,46,54,9,9,3,4,0,0,0,2,12
11/7/19 5:13,55,7,46,54,12,13,3,5,0,0,0,3,12
11/7/19 5:14,53,8,46,54,10,10,2,5,0,0,0,3,13
11/7/19 5:15,46,8,46,54,9,10,1,5,0,1,0,4,12
11/7/19 5:16,54,7,46,54,9,10,2,5,0,0,0,3,12
11/7/19 5:17,64,7,44,56,8,9,2,4,0,0,0,3,12
11/7/19 5:18,55,5,41,59,7,8,2,4,0,0,0,2,12
11/7/19 5:19,53,11,43,57,10,11,3,6,0,0,0,2,12
11/7/19 5:20,47,29,44,56,12,13,3,6,0,3,0,13,11
11/7/19 5:21,54,33,44,56,13,14,3,5,0,2,0,9,11
11/7/19 5:22,66,35,43,57,10,10,2,5,0,1,0,7,12
11/7/19 5:23,54,35,43,57,11,12,2,5,0,1,0,6,12
11/7/19 5:24,54,36,41,59,14,14,3,5,0,2,0,8,13
11/7/19 5:25,47,36,43,57,10,10,1,6,0,25,0,102,45
11/7/19 5:26,54,9,41,59,13,13,3,6,0,20,0,83,47
11/7/19 5:27,65,20,44,56,13,13,3,7,0,1,0,7,12
11/7/19 5:28,55,8,43,57,10,10,2,5,0,1,0,4,12
11/7/19 5:29,56,9,43,57,13,13,4,5,0,0,0,3,12
11/7/19 5:30,47,10,45,55,9,10,1,6,0,1,0,3,12
11/7/19 5:31,54,7,41,59,9,10,2,5,0,0,0,3,12
11/7/19 5:32,63,7,46,54,9,10,3,6,0,0,0,2,12
11/7/19 5:33,55,7,46,54,9,10,2,5,0,0,0,3,12
11/7/19 5:34,56,7,43,57,13,13,4,6,0,0,0,3,12
11/7/19 5:35,46,8,46,54,11,12,2,6,0,0,0,3,12
11/7/19 5:36,55,7,46,54,8,8,1,4,0,0,0,3,12
11/7/19 5:37,63,9,46,54,10,11,3,5,0,0,0,3,12
11/7/19 5:38,54,6,43,57,8,8,2,4,0,1,0,5,11
11/7/19 5:39,56,5,41,59,8,8,2,4,0,0,0,2,11
11/7/19 5:40,47,6,46,54,8,9,1,6,0,0,0,3,11
11/7/19 5:41,54,5,46,54,8,8,1,4,0,0,0,3,11
11/7/19 5:42,66,5,46,54,8,8,2,4,0,0,0,2,11
11/7/19 5:43,53,6,46,54,11,11,3,5,0,0,0,3,12
11/7/19 5:44,54,7,46,54,11,11,3,5,0,0,0,2,12
11/7/19 5:45,47,8,46,54,13,13,2,6,0,1,0,3,12
11/7/19 5:46,54,14,45,55,9,10,2,5,0,0,0,3,12
11/7/19 5:47,65,31,44,56,13,14,4,6,0,3,0,13,19
11/7/19 5:48,53,35,41,59,10,10,2,5,0,1,0,7,22
11/7/19 5:49,54,37,41,59,13,13,3,6,0,2,0,9,12
11/7/19 5:50,47,37,41,59,19,15,11,7,0,2,0,7,12
11/7/19 5:51,53,36,43,57,12,13,2,6,0,2,0,9,12
11/7/19 5:52,63,36,43,57,11,12,3,5,0,12,0,47,29
11/7/19 5:53,54,12,43,57,14,14,3,6,0,31,0,126,56
11/7/19 5:54,56,20,42,58,11,12,2,6,0,1,0,6,12
11/7/19 5:55,47,8,41,59,9,10,1,5,0,1,0,4,12
11/7/19 5:56,55,9,45,55,11,12,2,7,0,1,0,3,12
11/7/19 5:57,64,6,44,56,8,9,2,5,0,0,0,3,12
11/7/19 5:58,54,6,41,59,11,11,3,5,0,0,0,2,12
11/7/19 5:59,54,7,46,54,9,9,2,6,0,0,0,2,12
11/7/19 6:00,47,6,46,54,9,9,1,5,0,1,0,3,12
11/7/19 6:01,55,6,46,54,8,9,2,4,0,0,0,2,11
11/7/19 6:02,66,6,46,54,8,8,2,4,0,0,0,2,12
11/7/19 6:03,53,5,44,56,7,8,2,4,0,0,0,2,11
11/7/19 6:04,55,5,46,54,8,9,2,5,0,0,0,2,12
11/7/19 6:05,47,6,46,54,11,11,2,5,0,0,0,3,11
11/7/19 6:06,54,6,46,54,9,10,2,5,0,0,0,3,12
11/7/19 6:07,65,6,46,54,8,8,2,4,0,0,0,2,12
11/7/19 6:08,54,6,46,54,8,9,2,4,0,0,0,2,12
11/7/19 6:09,56,6,46,54,8,8,2,4,0,0,0,2,12
11/7/19 6:10,47,5,43,57,7,8,1,4,0,0,0,3,11
11/7/19 6:11,55,20,45,55,10,10,2,6,0,1,1,7,12
11/7/19 6:12,64,32,43,57,15,15,5,6,0,2,0,11,12
11/7/19 6:13,54,34,43,57,12,13,2,5,0,2,0,10,33
11/7/19 6:14,56,35,43,57,13,14,3,5,0,1,0,5,12
11/7/19 6:15,47,36,43,57,11,12,2,5,0,1,0,7,12
11/7/19 6:16,53,36,43,57,10,11,2,5,0,1,0,7,12
11/7/19 6:17,62,27,38,62,10,11,3,5,0,45,0,183,129
11/7/19 6:18,53,16,38,62,10,10,2,5,0,2,0,8,12
11/7/19 6:19,55,10,43,57,14,15,4,7,0,1,0,6,12
11/7/19 6:20,48,9,43,57,14,15,3,6,0,1,0,4,11
11/7/19 6:21,54,11,45,55,11,11,2,6,0,1,0,4,12
11/7/19 6:22,65,10,45,55,12,13,3,5,0,1,0,4,12
11/7/19 6:23,53,9,43,57,9,9,2,5,0,0,0,3,13
11/7/19 6:24,55,8,41,59,10,10,2,5,0,0,0,3,12
11/7/19 6:25,47,7,41,59,9,9,2,7,0,0,0,3,13
11/7/19 6:26,54,7,44,56,11,11,2,6,0,0,0,3,12
11/7/19 6:27,63,6,44,56,8,9,2,4,0,0,0,2,12
11/7/19 6:28,56,6,46,54,9,9,2,5,0,0,0,3,11
11/7/19 6:29,56,7,46,54,8,9,2,4,0,1,0,4,12
11/7/19 6:30,47,7,46,54,10,10,2,5,0,0,0,3,12
11/7/19 6:31,53,6,44,56,9,10,2,5,0,0,0,3,12
11/7/19 6:32,62,7,46,54,10,10,2,6,0,0,0,2,12
11/7/19 6:33,55,6,46,54,8,8,2,4,0,0,0,2,11
11/7/19 6:34,55,6,46,54,9,9,2,4,0,0,0,2,12
11/7/19 6:35,47,5,43,57,7,8,1,4,0,0,0,2,11
11/7/19 6:36,53,5,43,57,8,8,1,4,0,0,0,2,11
11/7/19 6:37,63,5,46,54,8,9,2,5,0,0,0,2,11
11/7/19 6:38,53,5,46,54,7,8,2,4,0,0,0,2,11
11/7/19 6:39,54,6,46,54,11,11,2,5,0,0,0,2,12
11/7/19 6:40,48,7,46,54,10,11,2,5,0,1,0,4,11
11/7/19 6:41,53,8,46,54,14,14,3,5,0,1,0,4,12
11/7/19 6:42,65,9,46,54,10,10,2,5,0,1,0,3,12
11/7/19 6:43,53,29,44,56,11,12,3,5,0,3,0,12,12
11/7/19 6:44,55,37,38,62,11,12,2,5,0,2,0,9,12
11/7/19 6:45,48,37,41,59,14,15,3,6,0,2,0,9,11
11/7/19 6:46,54,37,41,59,14,15,3,7,0,1,0,5,12
11/7/19 6:47,65,36,41,59,11,12,3,5,0,2,0,8,12
11/7/19 6:48,55,36,43,57,10,11,2,6,0,1,0,8,12
11/7/19 6:49,54,27,41,59,10,10,2,5,0,45,0,181,65
11/7/19 6:50,48,8,44,56,17,13,10,6,0,1,0,7,12
11/7/19 6:51,54,7,43,57,10,10,2,6,0,0,0,3,12
11/7/19 6:52,63,9,46,55,15,16,5,7,0,0,0,3,12
11/7/19 6:53,54,9,46,55,11,12,2,5,0,1,0,4,12
11/7/19 6:54,55,9,45,55,8,8,2,4,0,0,0,3,12
11/7/19 6:55,48,8,43,57,10,10,2,5,0,0,0,3,12
11/7/19 6:56,52,7,41,59,7,8,1,4,0,0,0,3,12
11/7/19 6:57,64,6,39,61,8,8,2,4,0,0,0,2,12
11/7/19 6:58,53,6,44,56,8,8,2,5,0,0,0,2,11
11/7/19 6:59,55,6,46,54,8,9,2,5,0,0,0,2,11
11/7/19 7:00,48,5,46,54,7,8,1,4,0,0,0,3,11
11/7/19 7:01,53,5,46,54,7,8,1,4,0,0,0,2,11
11/7/19 7:02,64,5,46,54,7,8,2,4,0,0,0,2,12
11/7/19 7:03,53,5,46,54,7,8,2,4,0,0,0,2,11
11/7/19 7:04,55,5,46,54,8,9,2,4,0,0,0,2,12
11/7/19 7:05,48,7,46,54,14,14,4,6,0,1,0,4,11
11/7/19 7:06,54,8,46,54,8,9,1,5,0,0,0,3,12
11/7/19 7:07,65,8,46,54,10,11,2,5,0,0,0,3,12
11/7/19 7:08,54,8,46,54,8,9,2,5,0,0,0,2,12
11/7/19 7:09,54,8,46,54,8,9,2,5,0,0,0,3,12
11/7/19 7:10,48,6,41,59,11,11,2,5,0,0,0,3,12
11/7/19 7:11,55,7,46,54,8,9,2,5,0,0,0,3,12
11/7/19 7:12,67,7,46,54,11,11,3,5,0,0,0,3,12
11/7/19 7:13,54,21,45,55,17,17,5,6,0,2,0,8,12
11/7/19 7:14,53,35,43,57,15,16,3,6,0,3,0,13,13
11/7/19 7:15,48,37,40,60,10,11,1,5,0,2,0,10,23
11/7/19 7:16,53,37,43,57,12,13,2,6,0,1,0,5,12
11/7/19 7:17,63,37,38,62,10,11,3,5,0,1,0,7,12
11/7/19 7:18,54,39,35,65,13,13,3,5,0,1,0,7,11
11/7/19 7:19,55,29,43,57,11,12,2,8,0,43,0,176,89
11/7/19 7:20,47,13,43,57,9,10,2,5,0,4,0,16,96
11/7/19 7:21,53,11,45,55,11,12,2,6,0,1,0,5,12
11/7/19 7:22,63,8,46,54,9,10,2,5,0,0,0,3,12
11/7/19 7:23,54,7,44,56,7,8,2,4,0,0,0,2,12
11/7/19 7:24,55,8,46,54,12,12,3,6,0,0,0,3,12
11/7/19 7:25,48,7,44,56,9,9,1,5,0,0,0,3,11
11/7/19 7:26,54,7,46,54,11,11,3,6,0,0,0,3,12
11/7/19 7:27,65,8,46,54,10,11,3,5,0,0,0,3,12
11/7/19 7:28,54,8,46,54,9,10,2,5,0,0,0,3,13
11/7/19 7:29,59,7,44,56,8,8,2,4,0,0,0,2,12
11/7/19 7:30,47,7,44,56,9,9,1,4,0,0,0,3,12
11/7/19 7:31,53,6,43,57,8,8,1,5,0,0,0,2,12
11/7/19 7:32,65,6,43,57,9,9,2,5,0,0,0,3,12
11/7/19 7:33,52,7,46,54,11,11,3,6,0,0,0,2,11
11/7/19 7:34,55,6,46,54,9,10,2,5,0,0,0,3,11
11/7/19 7:35,48,6,46,54,7,8,1,4,0,0,0,3,11
11/7/19 7:36,53,6,46,54,8,9,2,4,0,0,0,3,11
11/7/19 7:37,63,5,44,56,8,8,2,4,0,0,0,2,11
11/7/19 7:38,55,6,44,56,11,12,3,5,0,0,0,2,11
11/7/19 7:39,54,8,46,54,10,11,3,6,0,1,0,5,11
11/7/19 7:40,48,6,46,54,7,8,1,4,0,0,0,3,11
11/7/19 7:41,52,7,46,54,10,10,2,5,0,0,0,3,11
11/7/19 7:42,64,9,46,55,12,13,3,5,0,0,0,3,12
11/7/19 7:43,53,20,43,57,14,15,3,6,0,1,0,5,12
11/7/19 7:44,54,36,41,59,12,13,3,5,0,3,0,14,34
11/7/19 7:45,47,37,41,59,13,14,2,6,0,2,0,10,34
11/7/19 7:46,54,38,40,60,15,15,4,6,0,1,0,5,12
11/7/19 7:47,64,40,38,62,13,14,3,5,0,2,0,8,13
11/7/19 7:48,53,40,40,60,15,16,4,8,0,2,0,8,13
11/7/19 7:49,54,30,40,60,13,13,4,6,0,42,0,171,64
11/7/19 7:50,46,18,43,57,12,12,2,6,0,4,0,16,45
11/7/19 7:51,52,12,41,59,10,11,2,6,0,1,0,6,12
11/7/19 7:52,65,9,43,57,9,10,3,6,0,0,0,3,12
11/7/19 7:53,52,7,41,59,9,9,2,4,0,0,0,3,12
11/7/19 7:54,54,6,44,56,8,9,2,5,0,0,0,2,13
11/7/19 7:55,48,5,46,54,8,8,2,5,0,0,0,3,11
11/7/19 7:56,54,5,46,54,8,8,1,4,0,0,0,2,12
11/7/19 7:57,63,5,46,54,8,8,2,4,0,0,0,2,11
11/7/19 7:58,55,5,46,54,7,8,1,4,0,0,0,2,11
11/7/19 7:59,56,5,46,54,7,8,2,4,0,0,0,2,11
11/7/19 8:00,48,6,46,54,10,11,2,5,0,1,0,4,11
11/7/19 8:01,54,6,46,54,9,10,2,5,0,0,0,3,11
11/7/19 8:02,63,7,46,54,9,9,2,5,0,0,0,2,11
11/7/19 8:03,55,7,46,54,11,11,3,5,0,0,0,3,11
11/7/19 8:04,55,8,43,57,12,13,3,5,0,0,0,3,12
11/7/19 8:05,47,8,43,57,9,9,1,5,0,0,0,3,12
11/7/19 8:06,55,8,46,54,10,10,2,6,0,0,0,3,12
11/7/19 8:07,65,6,44,57,9,9,2,5,0,0,0,2,12
11/7/19 8:08,54,5,41,59,8,9,2,4,0,0,0,2,12
11/7/19 8:09,56,7,44,56,14,14,4,7,0,0,0,3,12
11/7/19 8:10,47,8,46,54,10,11,2,6,0,0,0,3,12
11/7/19 8:11,56,9,45,55,13,13,3,5,0,1,0,4,12
11/7/19 8:12,68,9,46,54,10,11,3,5,0,0,0,3,12
11/7/19 8:13,54,9,45,55,9,10,2,5,0,0,0,3,13
11/7/19 8:14,56,7,41,59,9,10,2,5,0,0,0,2,12
11/7/19 8:15,48,6,38,62,10,10,2,5,0,0,0,2,12
11/7/19 8:16,53,8,46,55,11,12,2,8,0,1,0,4,12
11/7/19 8:17,63,6,46,54,10,10,3,5,0,0,0,3,12
11/7/19 8:18,55,7,46,54,9,10,2,5,0,0,0,2,11
11/7/19 8:19,56,21,45,55,13,13,4,5,0,1,0,6,12
11/7/19 8:20,48,34,41,59,13,14,2,5,0,3,0,13,11
11/7/19 8:21,54,35,43,57,11,12,2,6,0,2,0,10,12
11/7/19 8:22,64,34,43,57,9,10,3,5,0,1,0,5,12
11/7/19 8:23,54,35,40,60,10,11,2,5,0,1,0,7,12
11/7/19 8:24,55,36,40,60,9,10,2,6,0,1,0,6,12
11/7/19 8:25,48,27,41,59,13,14,3,6,0,42,0,169,118
11/7/19 8:26,54,16,43,57,11,11,2,6,0,2,0,8,11
11/7/19 8:27,72,10,45,55,8,9,3,5,0,1,0,5,12
11/7/19 8:28,53,8,46,55,9,10,2,5,0,0,0,3,11
11/7/19 8:29,55,6,43,57,8,8,2,4,0,0,0,2,12
11/7/19 8:30,48,6,44,56,9,9,2,6,0,0,0,3,12
11/7/19 8:31,54,7,46,54,10,11,3,6,0,0,0,3,12
11/7/19 8:32,63,6,46,54,9,9,2,5,0,0,0,3,12
11/7/19 8:33,54,6,46,54,8,8,2,4,0,0,0,2,12
11/7/19 8:34,56,6,46,54,8,9,2,4,0,0,0,2,12
11/7/19 8:35,49,5,43,57,8,8,1,4,0,0,0,2,13
11/7/19 8:36,54,5,43,57,9,9,2,5,0,0,0,2,11
11/7/19 8:37,64,7,46,54,10,11,3,6,0,0,0,3,12
11/7/19 8:38,54,7,46,54,13,14,4,6,0,0,0,3,11
11/7/19 8:39,69,10,45,55,12,12,3,5,0,0,0,3,11
11/7/19 8:40,59,10,45,55,12,13,2,6,0,1,0,5,11
11/7/19 8:41,54,9,43,57,9,10,2,5,0,1,0,4,13
11/7/19 8:42,62,10,43,57,12,12,3,5,0,1,0,4,12
11/7/19 8:43,53,10,41,59,14,15,4,7,0,1,0,4,12
11/7/19 8:44,69,10,39,61,10,10,2,5,0,1,0,4,11
11/7/19 8:45,87,9,41,59,19,20,4,10,0,1,0,6,67
11/7/19 8:46,56,27,42,58,20,21,5,7,0,1,0,7,48
11/7/19 8:47,65,34,41,59,10,11,2,5,0,3,0,12,12
11/7/19 8:48,53,35,38,62,10,11,2,5,0,2,0,9,12
11/7/19 8:49,54,35,43,57,12,13,3,7,0,1,0,4,12
11/7/19 8:50,48,33,43,57,11,12,2,5,0,2,0,9,11
11/7/19 8:51,54,34,43,57,9,10,2,5,0,1,0,7,12
11/7/19 8:52,63,22,43,57,10,10,2,5,0,42,0,171,32
11/7/19 8:53,60,17,43,57,9,10,3,5,0,1,0,5,17
11/7/19 8:54,66,6,43,57,16,17,3,8,0,1,0,4,72
11/7/19 8:55,48,7,46,54,10,10,2,6,0,0,0,3,12
11/7/19 8:56,54,6,44,56,11,11,2,5,0,0,0,3,12
11/7/19 8:57,65,6,44,56,9,10,2,5,0,0,0,3,12
11/7/19 8:58,53,7,46,54,8,9,3,5,0,0,0,2,11
11/7/19 8:59,54,6,46,54,8,9,2,4,0,0,0,2,11
11/7/19 9:00,48,7,46,54,9,10,2,5,0,0,0,3,12
11/7/19 9:01,54,7,43,57,9,10,2,5,0,0,0,3,12
11/7/19 9:02,63,8,43,57,13,13,3,5,0,1,0,3,12
11/7/19 9:03,53,8,46,55,10,10,2,5,0,0,0,3,12
11/7/19 9:04,55,9,45,55,12,12,3,5,0,0,0,3,12
11/7/19 9:05,48,8,43,57,10,11,2,5,0,1,0,4,12
11/7/19 9:06,53,24,44,56,8,9,1,5,0,0,0,2,12
11/7/19 9:07,65,31,46,54,9,9,2,5,0,0,0,3,12
11/7/19 9:08,75,32,46,54,17,10,3,8,0,0,0,2,29
11/7/19 9:09,90,29,43,57,22,11,4,8,0,0,0,2,36
11/7/19 9:10,120,49,46,54,29,13,4,10,0,1,0,4,120
11/7/19 9:11,221,57,45,55,67,11,7,14,0,1,0,4,129
11/7/19 9:12,236,69,45,55,69,10,9,17,0,1,0,3,119
11/7/19 9:13,226,73,43,57,74,10,11,22,0,0,0,3,140
11/7/19 9:14,198,78,43,57,69,9,12,19,0,0,0,3,219
11/7/19 9:15,246,73,41,59,57,8,14,22,0,1,0,4,499
11/7/19 9:16,108,86,41,59,69,10,11,17,0,0,0,2,436
11/7/19 9:17,257,79,46,54,76,8,13,19,0,0,0,2,769
11/7/19 9:18,152,68,46,54,39,8,11,14,0,0,0,2,333
11/7/19 9:19,109,44,46,54,46,8,9,4,0,0,0,2,219
11/7/19 9:20,94,23,45,55,9,9,8,4,0,1,0,6,220
11/7/19 9:21,79,30,44,56,9,10,9,5,0,2,0,11,221
11/7/19 9:22,66,32,43,57,12,13,3,5,0,2,0,9,79
11/7/19 9:23,51,34,43,57,11,12,3,5,0,1,0,4,29
11/7/19 9:24,56,35,43,57,14,15,3,6,0,2,0,8,12
11/7/19 9:25,48,36,43,57,11,12,2,5,0,2,0,9,12
11/7/19 9:26,54,28,43,57,9,10,2,5,0,41,0,166,56
11/7/19 9:27,63,17,41,59,12,12,4,5,0,2,0,9,12
11/7/19 9:28,53,9,38,62,10,11,2,6,0,1,0,5,11
11/7/19 9:29,59,8,41,59,8,9,2,5,0,0,0,2,12
11/7/19 9:30,48,9,43,57,15,15,4,7,0,1,0,4,12
11/7/19 9:31,53,9,43,57,14,15,3,6,0,1,0,4,13
11/7/19 9:32,62,10,45,55,11,12,3,6,0,1,0,4,14
11/7/19 9:33,55,10,45,55,12,12,3,5,0,1,0,3,13
11/7/19 9:34,56,10,45,55,12,12,3,5,0,1,0,4,13
11/7/19 9:35,47,7,38,62,8,8,1,4,0,0,0,3,12
11/7/19 9:36,54,7,41,59,10,11,3,6,0,1,0,3,12
11/7/19 9:37,64,6,44,56,8,9,2,6,0,0,0,2,12
11/7/19 9:38,54,5,44,56,8,8,2,4,0,0,0,2,12
11/7/19 9:39,55,5,46,54,8,9,2,5,0,0,0,2,12
11/7/19 9:40,47,5,46,54,7,8,1,4,0,0,0,3,12
11/7/19 9:41,55,5,46,54,7,8,1,4,0,0,0,2,12
11/7/19 9:42,64,9,45,55,9,9,3,4,0,0,0,3,12
11/7/19 9:43,53,29,44,56,14,14,4,5,0,3,0,12,12
11/7/19 9:44,56,32,43,57,9,10,2,5,0,2,0,8,12
11/7/19 9:45,47,33,43,57,10,10,1,5,0,2,0,8,12
11/7/19 9:46,54,33,43,57,9,10,1,4,0,1,0,4,11
11/7/19 9:47,63,36,43,57,15,16,4,6,0,2,0,10,12
11/7/19 9:48,53,37,41,59,9,10,2,4,0,2,0,8,11
11/7/19 9:49,56,13,43,57,10,11,2,6,0,44,0,176,11
11/7/19 9:50,47,17,44,56,10,10,2,6,0,1,0,5,11
11/7/19 9:51,54,8,46,54,11,11,2,5,0,1,0,3,11
11/7/19 9:52,63,8,41,59,12,13,4,6,0,1,0,4,12
11/7/19 9:53,54,10,43,57,14,15,3,7,0,1,0,4,12
11/7/19 9:54,56,9,45,55,9,10,2,6,0,0,0,3,12
11/7/19 9:55,47,9,45,55,10,10,2,5,0,1,0,4,12
11/7/19 9:56,55,7,41,59,9,9,2,5,0,0,0,3,12
11/7/19 9:57,63,6,41,59,8,8,2,5,0,0,0,2,11
11/7/19 9:58,54,7,43,57,12,12,3,6,0,0,0,3,12
11/7/19 9:59,56,7,43,57,12,13,3,5,0,0,0,3,12
11/7/19 10:00,49,8,46,54,8,8,1,4,0,0,0,3,13
11/7/19 10:01,62,9,45,55,13,14,3,6,0,1,0,4,27
11/7/19 10:02,64,8,43,57,10,11,5,7,0,0,0,3,121
11/7/19 10:03,57,9,43,57,8,9,2,5,0,0,0,3,150
11/7/19 10:04,56,7,43,57,38,38,18,15,0,0,0,2,12
11/7/19 10:05,47,7,46,54,8,9,1,5,0,0,0,3,11
11/7/19 10:06,55,5,44,56,7,8,1,4,0,0,0,2,12
11/7/19 10:07,63,5,46,54,8,9,2,5,0,0,0,2,12
11/7/19 10:08,52,5,46,54,8,8,2,4,0,0,0,2,11
11/7/19 10:09,56,5,46,54,7,8,2,4,0,0,0,2,11
11/7/19 10:10,47,5,46,54,8,8,1,4,0,0,0,2,11
11/7/19 10:11,55,5,46,54,8,9,2,4,0,0,0,3,11
11/7/19 10:12,64,6,46,54,9,10,3,5,0,0,0,3,12
11/7/19 10:13,54,8,46,54,15,15,4,6,0,0,0,3,12
11/7/19 10:14,55,9,46,55,10,11,2,5,0,1,0,4,12
11/7/19 10:15,47,9,46,54,9,9,1,4,0,0,0,3,12
11/7/19 10:16,54,31,42,58,16,16,4,6,0,3,0,15,12
11/7/19 10:17,62,39,35,65,12,13,3,5,0,2,0,8,13
11/7/19 10:18,52,39,35,65,11,12,3,5,0,2,0,9,12
11/7/19 10:19,62,37,43,57,10,11,2,7,0,1,0,4,11
11/7/19 10:20,47,34,41,59,9,10,2,5,0,2,0,8,11
11/7/19 10:21,55,34,41,59,7,8,1,4,0,2,0,7,12
11/7/19 10:22,64,15,43,57,8,9,2,6,0,44,0,176,89
11/7/19 10:23,52,16,44,56,11,11,3,5,0,1,0,5,11
11/7/19 10:24,56,6,46,54,8,9,2,5,0,0,0,3,11
11/7/19 10:25,46,7,46,54,16,13,9,5,0,1,0,5,11
11/7/19 10:26,55,9,45,55,13,13,3,5,0,1,0,4,12
11/7/19 10:27,65,10,45,55,12,13,3,5,0,0,0,3,12
11/7/19 10:28,55,9,43,57,11,11,2,5,0,0,0,3,12
11/7/19 10:29,56,9,43,57,9,9,2,5,0,0,0,3,13
11/7/19 10:30,47,8,44,57,10,10,2,5,0,1,0,4,12
11/7/19 10:31,54,6,41,59,8,8,1,5,0,0,0,3,12
11/7/19 10:32,64,6,44,56,9,9,2,5,0,0,0,2,12
11/7/19 10:33,53,5,46,54,8,8,2,5,0,0,0,2,11
11/7/19 10:34,56,5,46,54,8,8,2,4,0,0,0,2,11
11/7/19 10:35,48,6,46,54,13,13,3,5,0,0,0,3,11
11/7/19 10:36,53,7,46,54,9,10,2,5,0,0,0,3,11
11/7/19 10:37,64,9,45,55,15,15,4,6,0,1,0,4,12
11/7/19 10:38,53,10,45,55,10,10,2,5,0,1,0,3,13
11/7/19 10:39,54,10,45,55,12,12,2,5,0,1,0,4,13
11/7/19 10:40,48,8,41,59,9,10,1,5,0,1,0,5,13
11/7/19 10:41,55,8,43,57,9,10,2,6,0,0,0,3,12
11/7/19 10:42,64,6,41,59,8,9,2,5,0,0,0,2,12
11/7/19 10:43,54,6,46,54,8,9,2,6,0,0,0,3,11
11/7/19 10:44,55,6,46,54,8,8,2,4,0,0,0,3,11
11/7/19 10:45,48,8,46,54,7,8,1,4,0,1,0,4,11
11/7/19 10:46,54,27,44,56,13,13,3,5,0,2,0,11,11
11/7/19 10:47,65,34,43,57,11,12,3,5,0,2,0,8,12
11/7/19 10:48,53,34,43,57,12,13,2,5,0,2,0,8,11
11/7/19 10:49,56,35,43,57,9,10,2,5,0,1,0,4,11
11/7/19 10:50,48,35,43,57,12,12,3,5,0,2,0,9,11
11/7/19 10:51,53,37,40,60,13,14,3,6,0,2,0,8,11
11/7/19 10:52,64,12,41,59,11,12,3,7,0,46,0,185,13
11/7/19 10:53,53,18,42,58,10,11,2,6,0,1,0,5,12
11/7/19 10:54,55,8,46,55,9,9,2,5,0,0,0,3,13
11/7/19 10:55,48,7,44,56,9,9,1,5,0,0,0,3,12
11/7/19 10:56,54,5,41,59,7,8,2,4,0,0,0,2,12
11/7/19 10:57,63,6,43,57,8,9,2,5,0,0,0,2,12
11/7/19 10:58,54,7,46,54,11,11,3,6,0,0,0,3,12
11/7/19 10:59,56,7,46,54,11,11,3,5,0,0,0,3,12
11/7/19 11:00,53,8,45,55,10,11,2,5,0,1,0,3,12
11/7/19 11:01,56,9,45,55,12,12,2,5,0,1,0,4,33
11/7/19 11:02,64,8,43,57,9,10,2,5,0,0,0,3,12
11/7/19 11:03,54,8,43,57,9,9,2,5,0,0,0,3,12
11/7/19 11:04,56,7,43,57,9,10,2,6,0,0,0,2,12
11/7/19 11:05,48,7,41,59,11,12,2,5,0,0,0,3,11
11/7/19 11:06,54,9,45,55,13,14,3,7,0,1,0,5,12
11/7/19 11:07,68,8,45,55,10,10,3,5,0,0,0,3,11
11/7/19 11:08,55,9,45,55,13,13,3,6,0,1,0,4,11
11/7/19 11:09,56,10,45,55,11,12,3,5,0,1,0,3,12
11/7/19 11:10,48,9,43,57,10,10,2,5,0,1,0,5,11
11/7/19 11:11,56,8,43,57,9,10,2,6,0,0,0,3,12
11/7/19 11:12,66,7,43,57,9,10,2,5,0,0,0,3,12
11/7/19 11:13,68,5,41,59,8,8,2,4,0,0,0,2,13
11/7/19 11:14,78,6,44,56,9,10,3,8,0,1,0,3,36
11/7/19 11:15,63,6,46,54,10,10,2,7,0,0,0,3,59
11/7/19 11:16,68,5,46,54,10,10,3,6,0,0,0,2,41
11/7/19 11:17,66,5,46,54,8,9,2,4,0,0,0,3,11
11/7/19 11:18,58,5,46,54,7,8,2,4,0,0,0,2,12
11/7/19 11:19,58,24,45,55,11,11,3,5,0,2,0,11,12
11/7/19 11:20,48,33,43,57,10,12,2,5,0,1,0,6,11
11/7/19 11:21,53,33,43,57,12,13,2,5,0,2,0,10,12
11/7/19 11:22,64,36,43,57,19,15,11,6,0,1,0,6,12
11/7/19 11:23,54,37,43,57,13,14,3,6,0,2,0,8,12
11/7/19 11:24,55,38,40,60,11,11,2,5,0,2,0,8,13
11/7/19 11:25,48,22,41,59,13,13,3,6,0,44,0,177,12
11/7/19 11:26,53,21,41,59,10,11,2,6,0,1,0,4,12
11/7/19 11:27,62,7,38,62,10,10,2,6,0,1,0,5,13
11/7/19 11:28,55,8,46,54,10,10,2,7,0,0,0,2,12
11/7/19 11:29,59,6,46,54,8,8,2,5,0,0,0,3,12
11/7/19 11:30,45,5,44,56,7,8,1,4,0,0,0,2,12
11/7/19 11:31,52,5,46,54,8,8,2,5,0,0,0,2,12
11/7/19 11:32,65,5,46,54,7,8,2,4,0,0,0,2,12
11/7/19 11:33,54,5,46,54,8,8,2,4,0,0,0,2,12
11/7/19 11:34,56,5,46,54,9,9,2,5,0,0,0,2,12
11/7/19 11:35,48,6,46,54,9,10,1,5,0,0,0,3,11
11/7/19 11:36,51,7,46,54,12,12,3,5,0,0,0,3,11
11/7/19 11:37,73,9,46,55,11,12,3,5,0,0,0,3,23
11/7/19 11:38,115,9,45,55,12,13,6,8,0,1,0,4,31
11/7/19 11:39,90,8,43,57,12,12,7,9,0,0,0,3,20
11/7/19 11:40,48,8,43,57,9,10,3,6,0,1,0,3,12
11/7/19 11:41,54,7,43,57,9,9,2,6,0,0,0,3,12
11/7/19 11:42,65,6,43,57,8,9,2,5,0,0,0,2,11
11/7/19 11:43,55,5,46,54,8,9,2,5,0,0,0,3,11
11/7/19 11:44,55,6,46,54,10,11,3,5,0,0,0,2,11
11/7/19 11:45,47,7,46,54,11,11,2,5,0,0,0,3,11
11/7/19 11:46,54,17,45,55,9,10,2,5,0,1,0,4,11
11/7/19 11:47,64,33,43,57,16,17,4,6,0,3,0,14,12
11/7/19 11:48,53,36,43,57,11,12,3,5,0,2,0,9,12
11/7/19 11:49,55,38,40,60,12,13,2,5,0,1,0,6,12
11/7/19 11:50,47,38,41,60,14,14,3,6,0,2,0,7,12
11/7/19 11:51,53,38,42,58,11,12,2,6,0,2,0,8,12
11/7/19 11:52,63,30,41,59,10,11,2,5,0,41,0,166,109
11/7/19 11:53,53,13,41,59,10,10,2,6,0,5,0,21,22
11/7/19 11:54,55,13,43,57,17,13,11,6,0,1,0,7,13
11/7/19 11:55,58,7,43,57,11,11,3,7,0,1,0,3,43
11/7/19 11:56,56,7,43,57,8,8,1,4,0,0,0,3,15
11/7/19 11:57,65,8,46,55,12,12,3,6,0,0,0,3,13
11/7/19 11:58,54,6,44,57,9,9,2,4,0,0,0,3,12
11/7/19 11:59,55,7,46,54,8,9,2,5,0,0,0,2,12
11/7/19 12:00,47,6,46,54,9,9,1,4,0,0,0,3,12
11/7/19 12:01,55,5,44,56,9,10,2,5,0,0,0,3,12
11/7/19 12:02,67,7,43,57,13,13,3,5,0,0,0,3,12
11/7/19 12:03,54,8,46,54,10,11,2,6,0,0,0,3,12
11/7/19 12:04,55,8,46,54,8,8,2,4,0,0,0,3,13
11/7/19 12:05,48,8,46,54,10,11,2,5,0,1,0,4,12
11/7/19 12:06,53,7,43,57,8,8,1,4,0,0,0,3,12
11/7/19 12:07,63,5,41,59,8,8,2,4,0,0,0,2,13
11/7/19 12:08,54,6,46,54,8,9,2,6,0,0,0,2,13
11/7/19 12:09,56,5,46,54,7,8,2,4,0,0,0,2,12
11/7/19 12:10,47,5,46,54,8,8,1,4,0,0,0,3,12
11/7/19 12:11,51,5,46,54,7,8,1,4,0,0,0,2,12
11/7/19 12:12,62,26,44,56,14,14,5,6,0,1,0,7,12
11/7/19 12:13,54,33,43,57,12,13,2,5,0,3,0,11,24
11/7/19 12:14,56,36,43,57,14,14,3,6,0,2,0,10,33
11/7/19 12:15,48,37,42,58,12,13,2,5,0,1,0,5,12
11/7/19 12:16,53,38,43,57,16,16,3,6,0,2,0,10,23
11/7/19 12:17,65,40,38,62,8,9,2,4,0,2,0,8,13
11/7/19 12:18,112,24,38,62,12,13,3,6,0,45,0,183,59
11/7/19 12:19,56,19,39,61,9,9,2,6,0,0,0,3,13
11/7/19 12:20,47,7,46,54,10,11,2,8,0,1,0,5,12
11/7/19 12:21,55,6,43,57,9,10,2,5,0,0,0,3,12
11/7/19 12:22,67,7,46,54,10,11,3,6,0,0,0,3,12
11/7/19 12:23,54,4,85,15,9,9,2,5,0,1,0,4,12
11/7/19 12:24,56,5,85,15,10,10,3,5,0,0,0,3,13
11/7/19 12:25,46,7,85,15,10,10,2,5,0,0,0,4,12
11/7/19 12:26,52,4,85,15,9,10,2,5,0,1,0,4,12
11/7/19 12:27,64,5,85,15,9,10,3,6,0,0,0,3,13
11/7/19 12:28,55,4,85,15,8,8,2,4,0,0,0,3,12
11/7/19 12:29,56,1,86,15,7,8,2,4,0,0,0,2,13
11/7/19 12:30,47,1,86,15,7,7,1,4,0,0,0,2,12
11/7/19 12:31,53,1,86,15,8,9,2,4,0,0,0,3,13
11/7/19 12:32,64,4,85,15,12,12,4,5,0,0,0,3,13
11/7/19 12:33,65,4,85,15,9,9,2,5,0,0,0,4,17
11/7/19 12:34,73,4,85,15,8,9,2,4,0,0,0,3,30
11/7/19 12:35,60,4,85,15,9,9,2,5,0,0,0,3,16
11/7/19 12:36,54,9,85,15,14,14,4,6,0,1,0,5,13
11/7/19 12:37,64,7,85,15,11,11,3,5,0,1,0,5,12
11/7/19 12:38,52,8,85,15,8,9,2,5,0,0,0,3,12
11/7/19 12:39,55,8,85,15,11,11,3,5,0,1,0,4,13
11/7/19 12:40,48,10,85,15,13,14,3,6,0,1,0,5,13
11/7/19 12:41,98,12,84,16,13,14,2,6,0,1,0,5,23
11/7/19 12:42,64,15,84,16,16,17,4,7,0,2,0,7,13
11/7/19 12:43,54,14,84,16,11,12,3,5,0,1,0,6,13
11/7/19 12:44,54,11,85,15,11,11,3,5,0,1,0,5,12
11/7/19 12:45,48,6,85,15,9,10,2,6,0,0,0,3,12
11/7/19 12:46,53,6,85,15,8,9,2,6,0,1,0,4,12
11/7/19 12:47,86,1,85,15,7,8,2,4,0,0,0,2,15
11/7/19 12:48,77,2,85,15,8,9,2,5,0,0,0,2,13
11/7/19 12:49,55,3,85,15,11,11,3,5,0,0,0,3,14
11/7/19 12:50,52,5,85,15,10,10,2,5,0,1,0,4,18
11/7/19 12:51,55,7,85,15,10,11,2,5,0,1,0,4,13
11/7/19 12:52,64,7,85,15,10,11,2,5,0,1,0,5,23
11/7/19 12:53,52,4,85,15,8,8,2,4,0,0,0,3,14
11/7/19 12:54,57,4,85,15,8,9,2,4,0,0,0,3,13
11/7/19 12:55,49,2,85,15,7,8,1,5,0,0,0,2,13
11/7/19 12:56,54,2,85,15,8,9,2,6,0,0,0,3,22
11/7/19 12:57,66,1,85,15,7,8,2,4,0,0,0,3,16
11/7/19 12:58,67,1,85,15,7,8,1,4,0,0,0,2,25
11/7/19 12:59,146,1,85,15,7,8,2,4,0,0,0,2,112
11/7/19 13:00,66,1,85,15,7,8,1,4,0,0,0,2,36
11/7/19 13:01,76,1,85,15,7,8,1,4,0,0,0,2,19
11/7/19 13:02,98,6,85,15,15,16,5,6,0,1,0,4,55
11/7/19 13:03,59,9,85,15,12,13,3,5,0,1,0,6,22
11/7/19 13:04,56,10,85,15,10,11,2,5,0,1,0,5,13
11/7/19 13:05,66,11,85,15,11,12,3,5,0,1,0,4,16
11/7/19 13:06,55,13,85,15,11,11,3,5,0,1,0,5,13
11/7/19 13:07,66,9,84,16,15,16,4,6,0,1,0,5,12
11/7/19 13:08,60,11,85,15,12,12,5,10,0,1,0,4,35
11/7/19 13:09,57,8,85,15,10,11,3,5,0,1,0,5,48
11/7/19 13:10,47,7,85,15,10,11,2,5,0,1,0,4,12
11/7/19 13:11,58,7,85,15,10,10,4,6,0,1,0,4,12
11/7/19 13:12,67,6,85,15,10,11,4,6,0,0,0,3,19
11/7/19 13:13,56,7,85,15,12,12,5,7,0,1,0,4,13
11/7/19 13:14,63,4,84,16,10,10,4,6,0,0,0,3,19
11/7/19 13:15,82,4,84,16,8,8,4,5,0,0,0,2,89
11/7/19 13:16,92,5,85,15,9,10,2,6,0,0,0,3,59
11/7/19 13:17,96,1,86,14,8,8,2,5,0,0,0,3,35
11/7/19 13:18,66,1,86,14,8,8,2,4,0,0,0,2,29
11/7/19 13:19,58,2,85,15,8,9,2,5,0,0,0,2,22
11/7/19 13:20,68,1,85,15,8,9,1,5,0,0,0,3,14
11/7/19 13:21,57,3,85,15,11,11,3,5,0,0,0,4,11
11/7/19 13:22,64,4,85,15,8,9,2,4,0,0,0,3,12
11/7/19 13:23,54,4,85,15,8,9,2,4,0,0,0,3,11
11/7/19 13:24,58,6,85,15,12,12,3,5,0,0,0,3,12
11/7/19 13:25,48,7,85,15,9,9,1,5,0,1,0,4,11
11/7/19 13:26,65,4,85,15,8,8,1,4,0,0,0,3,10
11/7/19 13:27,67,6,85,15,12,12,4,6,0,0,0,4,12
11/7/19 13:28,55,5,85,15,9,10,2,5,0,1,0,4,12
11/7/19 13:29,101,7,85,15,13,13,3,5,0,1,0,4,23
11/7/19 13:30,53,8,85,15,10,10,1,6,0,1,0,3,12
11/7/19 13:31,66,7,85,15,10,10,6,7,0,1,0,4,19
11/7/19 13:32,66,6,85,15,13,13,6,6,0,1,0,4,933
11/7/19 13:33,63,4,86,14,8,9,4,5,0,0,0,3,34
11/7/19 13:34,64,5,85,15,10,10,2,6,0,0,0,4,70
11/7/19 13:35,58,7,85,15,11,12,4,7,0,0,0,3,59
11/7/19 13:36,52,9,85,15,12,13,3,5,0,1,0,5,12
11/7/19 13:37,64,7,84,16,10,11,3,5,0,1,0,5,12
11/7/19 13:38,68,8,84,16,10,10,2,5,0,1,0,4,10
11/7/19 13:39,89,9,85,15,13,13,4,7,0,1,0,4,24
11/7/19 13:40,50,7,85,15,9,10,1,5,0,1,0,4,12
11/7/19 13:41,53,5,84,16,9,10,2,5,0,1,0,4,12
11/7/19 13:42,67,8,85,15,12,13,4,6,0,1,0,4,13
11/7/19 13:43,56,7,85,15,9,9,2,5,0,1,0,4,12
11/7/19 13:44,57,4,85,15,9,10,2,4,0,0,0,3,13
11/7/19 13:45,48,5,85,15,9,9,1,5,0,0,0,3,12
11/7/19 13:46,76,4,85,15,8,9,1,4,0,0,0,3,28
11/7/19 13:47,65,1,85,15,8,9,3,4,0,0,0,3,11
11/7/19 13:48,55,2,85,15,8,9,2,5,0,0,0,2,11
11/7/19 13:49,75,1,85,15,8,9,2,4,0,0,0,3,11
11/7/19 13:50,71,1,85,15,8,9,1,4,0,0,0,3,29
11/7/19 13:51,55,1,85,15,8,8,1,4,0,0,0,3,13
11/7/19 13:52,65,3,85,15,11,12,3,5,0,0,0,3,14
11/7/19 13:53,80,5,85,15,10,11,2,5,0,0,0,3,32
11/7/19 13:54,74,7,85,15,9,10,2,5,0,1,0,4,19
11/7/19 13:55,51,7,85,15,10,11,2,5,0,1,0,4,11
11/7/19 13:56,83,9,85,15,11,11,3,5,0,1,0,4,25
11/7/19 13:57,64,7,85,15,11,11,3,5,0,1,0,5,13
11/7/19 13:58,64,5,85,15,8,8,1,5,0,0,0,3,19
11/7/19 13:59,56,6,85,15,12,13,4,5,0,1,0,4,11
11/7/19 14:00,47,6,85,15,11,12,2,5,0,1,0,4,11
11/7/19 14:01,70,7,85,15,10,12,2,6,0,1,0,5,12
11/7/19 14:02,91,8,85,15,11,12,4,7,0,1,0,4,14
11/7/19 14:03,175,7,85,15,9,9,2,5,0,0,0,3,367
11/7/19 14:04,87,6,85,15,12,13,4,6,0,1,0,4,700
11/7/19 14:05,77,6,84,16,14,14,4,6,0,1,0,4,21
11/7/19 14:06,79,9,85,15,10,11,2,6,0,1,0,5,18
11/7/19 14:07,70,7,85,15,9,10,2,5,0,1,0,5,12
11/7/19 14:08,77,9,85,15,13,13,6,7,0,1,0,4,38
11/7/19 14:09,59,7,85,15,9,10,2,5,0,1,0,4,23
11/7/19 14:10,50,5,86,14,8,9,3,6,0,0,0,3,21
11/7/19 14:11,55,6,85,15,11,11,5,8,0,0,0,3,13
11/7/19 14:12,68,4,85,15,8,8,2,4,0,1,0,4,13
11/7/19 14:13,118,1,84,16,7,8,1,4,0,0,0,2,18
11/7/19 14:14,67,1,84,16,7,8,2,4,0,0,0,2,907
11/7/19 14:15,75,2,85,15,8,9,2,5,0,0,0,2,45
11/7/19 14:16,81,2,85,15,10,10,3,5,0,0,0,3,150
11/7/19 14:17,62,4,85,15,9,9,2,5,0,0,0,3,12
11/7/19 14:18,54,4,85,15,9,10,2,5,0,1,0,4,12
11/7/19 14:19,120,4,85,15,7,8,2,4,0,0,0,3,30
11/7/19 14:20,46,5,85,15,11,11,3,5,0,1,0,4,13
11/7/19 14:21,57,4,85,15,10,10,3,5,0,0,0,3,13
11/7/19 14:22,66,6,85,15,12,12,5,6,0,1,0,5,28
11/7/19 14:23,54,8,85,15,11,11,3,6,0,1,0,3,89
11/7/19 14:24,115,9,85,15,13,14,3,6,0,1,0,6,19
11/7/19 14:25,48,11,85,15,15,15,4,6,0,1,0,5,14
11/7/19 14:26,59,14,85,15,11,12,2,5,0,1,0,6,13
11/7/19 14:27,67,12,85,15,13,14,3,7,0,1,0,6,16
11/7/19 14:28,87,11,85,15,10,10,2,6,0,1,0,5,17
11/7/19 14:29,98,9,85,15,12,14,5,12,0,1,0,5,25
11/7/19 14:30,47,2,85,16,8,8,1,6,0,0,0,3,11
11/7/19 14:31,55,2,84,16,8,9,1,6,0,0,0,3,14
11/7/19 14:32,65,2,85,15,8,9,3,5,0,0,0,3,12
11/7/19 14:33,55,1,85,15,8,8,2,4,0,0,0,2,12
11/7/19 14:34,57,1,85,15,8,8,2,4,0,0,0,2,19
11/7/19 14:35,46,2,85,15,9,9,2,5,0,0,0,2,12
11/7/19 14:36,54,4,85,15,9,10,2,5,0,1,0,3,12
11/7/19 14:37,64,4,85,15,10,10,3,5,0,0,0,3,11
11/7/19 14:38,55,6,85,15,11,11,3,5,0,1,0,4,12
11/7/19 14:39,56,9,85,15,12,13,3,5,0,1,0,5,12
11/7/19 14:40,49,7,85,15,11,11,2,5,0,1,0,6,13
11/7/19 14:41,54,7,85,15,8,9,1,4,0,0,0,3,12
11/7/19 14:42,64,9,85,15,12,13,3,6,0,1,0,4,12
11/7/19 14:43,55,4,85,16,10,11,3,5,0,0,0,4,12
11/7/19 14:44,61,5,84,16,9,10,2,5,0,0,0,3,18
11/7/19 14:45,66,5,85,15,8,9,1,5,0,0,0,3,15
11/7/19 14:46,55,4,85,15,8,9,2,5,0,1,0,4,12
11/7/19 14:47,73,2,85,15,9,9,5,7,0,0,0,3,25
11/7/19 14:48,72,4,85,15,12,12,4,7,0,0,0,3,45
11/7/19 14:49,56,4,85,15,9,10,2,5,0,1,0,4,12
11/7/19 14:50,81,6,85,15,11,11,3,5,0,1,0,4,44
11/7/19 14:51,64,7,85,15,10,10,2,5,0,1,0,4,47
11/7/19 14:52,67,4,84,16,8,9,2,4,0,0,0,3,13
11/7/19 14:53,56,4,84,16,9,10,2,5,0,0,0,3,12
11/7/19 14:54,56,5,85,15,8,9,2,5,0,0,0,3,12
11/7/19 14:55,48,1,85,15,7,8,1,4,0,0,0,3,11
11/7/19 14:56,55,1,85,15,7,8,1,4,0,0,0,2,12
11/7/19 14:57,65,4,85,15,11,11,4,5,0,0,0,4,12
11/7/19 14:58,82,9,85,15,19,19,5,8,0,1,0,6,34
11/7/19 14:59,76,12,85,15,10,10,5,9,0,1,0,6,21
11/7/19 15:00,129,12,85,15,13,13,2,6,0,1,0,6,38
11/7/19 15:01,68,12,84,16,11,12,3,5,0,1,0,5,36
11/7/19 15:02,102,11,85,15,10,10,5,10,0,1,0,5,39
11/7/19 15:03,55,6,86,14,15,15,5,8,0,1,0,4,12
11/7/19 15:04,74,8,85,15,25,26,12,14,0,1,0,4,24
11/7/19 15:05,49,5,85,15,10,10,3,6,0,1,0,4,1513
11/7/19 15:06,89,6,85,15,11,12,5,7,0,1,0,4,38
11/7/19 15:07,86,7,85,15,25,26,14,14,0,1,0,5,22
11/7/19 15:08,97,4,84,16,8,8,2,5,0,0,0,2,720
11/7/19 15:09,70,5,85,15,10,11,5,7,0,0,0,3,31
11/7/19 15:10,48,1,86,15,7,8,1,4,0,0,0,3,11
11/7/19 15:11,56,1,86,15,7,8,1,4,0,0,0,2,12
11/7/19 15:12,64,1,86,15,8,9,3,4,0,0,0,2,11
11/7/19 15:13,53,1,85,15,7,8,1,4,0,0,0,2,11
11/7/19 15:14,55,3,85,15,10,11,3,5,0,0,0,3,12
11/7/19 15:15,48,4,85,15,8,8,1,4,0,0,0,3,12
11/7/19 15:16,55,4,85,15,10,10,2,5,0,1,0,4,12
11/7/19 15:17,66,4,85,15,8,9,2,4,0,0,0,4,12
11/7/19 15:18,53,4,85,15,8,9,2,4,0,0,0,3,11
11/7/19 15:19,56,3,85,15,12,12,4,5,0,0,0,3,12
11/7/19 15:20,48,7,85,15,10,11,2,5,0,1,0,4,12
11/7/19 15:21,53,8,85,15,11,12,2,6,0,1,0,5,12
11/7/19 15:22,64,8,85,15,10,10,3,5,0,1,0,4,12
11/7/19 15:23,61,9,85,15,11,12,2,5,0,1,0,5,14
11/7/19 15:24,55,8,84,16,14,14,3,6,0,1,0,5,12
11/7/19 15:25,48,8,84,16,9,10,1,5,0,1,0,4,11
11/7/19 15:26,55,10,85,15,10,11,2,7,0,1,0,5,12
11/7/19 15:27,65,4,85,15,10,10,3,5,0,1,0,5,12
11/7/19 15:28,54,2,86,14,8,9,2,5,0,0,0,2,11
11/7/19 15:29,57,1,86,14,7,8,2,4,0,0,0,3,12
11/7/19 15:30,48,5,85,15,13,14,3,6,0,1,0,6,12
11/7/19 15:31,54,6,85,15,10,11,2,5,0,1,0,5,12
11/7/19 15:32,63,7,85,15,10,10,3,5,0,1,0,5,12
11/7/19 15:33,54,7,85,15,9,10,2,5,0,0,0,3,12
11/7/19 15:34,55,7,85,15,8,9,2,5,0,1,0,4,13
11/7/19 15:35,50,2,86,14,10,10,2,5,0,0,0,2,11
11/7/19 15:36,55,6,85,15,10,10,2,6,0,0,0,4,12
11/7/19 15:37,65,7,85,15,14,14,4,7,0,1,0,5,13
11/7/19 15:38,82,7,85,15,9,9,2,5,0,1,0,4,30
11/7/19 15:39,87,7,85,15,8,9,2,5,0,1,0,4,78
11/7/19 15:40,64,4,84,16,8,9,1,5,0,0,0,3,34
11/7/19 15:41,63,1,85,15,7,8,1,4,0,0,0,2,27
11/7/19 15:42,67,3,85,15,9,10,2,7,0,0,0,3,18
11/7/19 15:43,72,1,85,15,9,9,2,5,0,0,0,3,24
11/7/19 15:44,58,3,85,15,11,11,3,5,0,0,0,3,39
11/7/19 15:45,51,5,85,15,9,9,2,5,0,0,0,3,12
11/7/19 15:46,58,6,85,15,10,11,2,5,0,1,0,4,20
11/7/19 15:47,100,7,85,15,10,10,3,5,0,1,0,4,52
11/7/19 15:48,54,8,85,15,10,11,3,5,0,1,0,4,12
11/7/19 15:49,69,8,85,15,12,13,3,5,0,1,0,5,20
11/7/19 15:50,47,10,85,15,14,14,3,7,0,1,0,5,11
11/7/19 15:51,54,10,85,15,12,12,2,5,0,2,0,9,12
11/7/19 15:52,65,10,85,15,10,11,3,5,0,1,0,5,13
11/7/19 15:53,52,7,85,15,9,10,2,5,0,1,0,4,12
11/7/19 15:54,56,6,85,15,11,11,3,6,0,0,0,3,12
11/7/19 15:55,46,4,84,16,9,10,2,5,0,1,0,4,12
11/7/19 15:56,54,6,85,15,11,11,2,7,0,1,0,4,12
11/7/19 15:57,66,5,85,15,10,10,3,5,0,0,0,3,12
11/7/19 15:58,54,7,85,15,10,10,3,5,0,0,0,4,13
11/7/19 15:59,58,7,85,15,14,15,5,6,0,1,0,5,23
11/7/19 16:00,55,8,85,15,9,10,3,6,0,0,0,3,33
11/7/19 16:01,56,7,85,15,10,11,3,5,0,1,0,5,16
11/7/19 16:02,65,4,84,16,9,9,3,5,0,0,0,3,13
11/7/19 16:03,52,4,84,16,8,8,2,4,0,0,0,3,11
11/7/19 16:04,56,2,85,15,8,9,2,5,0,0,0,3,12
11/7/19 16:05,48,3,85,15,9,10,2,6,0,0,0,3,11
11/7/19 16:06,55,4,85,15,10,11,2,5,0,0,0,4,11
11/7/19 16:07,63,4,85,15,9,10,2,5,0,1,0,4,12
11/7/19 16:08,53,4,85,15,8,8,2,4,0,0,0,2,12
11/7/19 16:09,55,5,85,15,10,11,3,5,0,0,0,3,12
11/7/19 16:10,48,4,85,15,9,9,1,5,0,0,0,3,12
11/7/19 16:11,56,4,85,15,9,10,2,4,0,1,0,4,12
11/7/19 16:12,65,7,85,15,11,12,3,6,0,0,0,3,12
11/7/19 16:13,53,7,85,15,9,10,2,5,0,1,0,4,12
11/7/19 16:14,56,7,85,15,12,13,3,5,0,1,0,5,13
11/7/19 16:15,76,7,85,15,10,10,2,5,0,0,0,4,36
11/7/19 16:16,78,9,85,15,11,11,3,6,0,0,0,4,18
11/7/19 16:17,66,7,85,15,11,11,3,5,0,1,0,4,12
11/7/19 16:18,81,7,85,15,9,10,2,5,0,1,0,5,22
11/7/19 16:19,63,6,85,15,9,10,2,6,0,0,0,3,22
11/7/19 16:20,53,6,85,15,9,10,3,6,0,0,0,3,20
11/7/19 16:21,64,7,85,15,16,16,8,8,0,1,0,5,74
11/7/19 16:22,66,10,85,15,16,16,10,9,0,1,0,6,19
11/7/19 16:23,51,11,85,15,9,10,2,6,0,1,0,5,12
11/7/19 16:24,56,10,85,15,10,11,3,5,0,1,0,5,13
11/7/19 16:25,62,7,85,15,8,9,1,5,0,1,0,4,38
11/7/19 16:26,72,5,84,16,8,8,1,4,0,0,0,3,11
11/7/19 16:27,102,3,85,15,8,9,2,7,0,0,0,2,14
11/7/19 16:28,115,1,86,15,7,8,2,4,0,0,0,3,65
11/7/19 16:29,60,3,85,15,12,12,4,5,0,0,0,3,13
11/7/19 16:30,48,4,85,15,8,8,1,4,0,0,0,3,13
11/7/19 16:31,70,5,85,15,10,10,2,5,0,0,0,4,47
11/7/19 16:32,77,6,85,15,11,11,3,5,0,0,0,3,30
11/7/19 16:33,55,6,85,15,10,10,2,5,0,1,0,4,12
11/7/19 16:34,70,4,84,16,7,8,2,4,0,0,0,3,60
11/7/19 16:35,55,5,85,15,9,10,2,6,0,0,0,3,14
11/7/19 16:36,54,1,86,15,8,8,1,4,0,0,0,3,13
11/7/19 16:37,92,1,86,15,8,8,2,4,0,0,0,2,35
11/7/19 16:38,77,4,85,15,11,11,2,6,0,0,0,3,22
11/7/19 16:39,54,4,85,15,8,8,2,4,0,0,0,3,13
11/7/19 16:40,47,4,85,15,9,10,2,5,0,1,0,4,12
11/7/19 16:41,51,4,85,15,7,8,1,4,0,0,0,3,13
11/7/19 16:42,63,4,85,15,9,9,3,5,0,1,0,4,13
11/7/19 16:43,55,1,85,15,7,8,1,4,0,0,0,2,12
11/7/19 16:44,60,3,85,15,10,10,3,5,0,0,0,3,28
11/7/19 16:45,54,6,85,15,11,12,2,6,0,0,0,3,43
11/7/19 16:46,68,7,85,15,11,11,2,5,0,1,0,6,40
11/7/19 16:47,89,7,85,15,9,10,3,5,0,1,0,4,44
11/7/19 16:48,54,7,85,15,8,9,2,4,0,0,0,3,12
11/7/19 16:49,56,4,85,15,9,9,2,5,0,0,0,3,12
11/7/19 16:50,47,1,86,14,7,8,1,4,0,0,0,2,12
11/7/19 16:51,99,5,85,15,13,13,3,7,0,0,0,3,19
11/7/19 16:52,68,4,85,15,8,8,2,4,0,1,0,4,14
11/7/19 16:53,56,8,85,15,16,16,4,6,0,1,0,5,13
11/7/19 16:54,56,10,85,15,11,12,3,5,0,1,0,5,13
11/7/19 16:55,48,14,85,16,14,14,2,6,0,1,0,6,13
11/7/19 16:56,54,13,85,15,12,13,3,5,0,1,0,5,13
11/7/19 16:57,61,13,85,15,13,13,3,5,0,1,0,6,13
11/7/19 16:58,51,12,85,15,12,13,3,5,0,1,0,5,12
11/7/19 16:59,53,10,84,16,11,11,2,6,0,1,0,5,13
11/7/19 17:00,48,5,84,16,7,8,1,4,0,0,0,3,12
11/7/19 17:01,54,6,85,15,10,11,2,7,0,1,0,4,13
11/7/19 17:02,64,1,84,16,8,8,2,4,0,0,0,3,14
11/7/19 17:03,53,1,84,16,7,8,2,4,0,0,0,2,14
11/7/19 17:04,55,2,85,15,7,8,2,5,0,0,0,2,13
11/7/19 17:05,48,2,85,15,7,8,1,4,0,0,0,2,12
11/7/19 17:06,55,3,85,15,10,11,3,5,0,0,0,3,12
11/7/19 17:07,67,4,85,15,9,10,2,5,0,0,0,4,12
11/7/19 17:08,61,4,85,15,8,8,2,5,0,0,0,3,11
11/7/19 17:09,62,4,85,15,9,9,2,5,0,0,0,3,12
11/7/19 17:10,48,1,86,15,7,8,1,4,0,0,0,2,12
11/7/19 17:11,56,2,85,15,9,9,2,5,0,0,0,3,12
11/7/19 17:12,66,2,85,15,10,11,3,5,0,0,0,3,12
11/7/19 17:13,54,4,85,15,9,10,2,5,0,0,0,3,12
11/7/19 17:14,62,5,85,15,11,12,7,6,0,0,0,4,12
11/7/19 17:15,62,8,85,15,13,13,4,6,0,1,0,4,70
11/7/19 17:16,56,9,85,15,11,11,2,5,0,1,0,6,14
11/7/19 17:17,68,7,85,15,9,10,2,5,0,1,0,4,13
11/7/19 17:18,54,7,85,15,10,11,2,5,0,1,0,4,13
11/7/19 17:19,57,5,85,15,8,9,2,6,0,0,0,3,13
11/7/19 17:20,48,8,85,15,16,16,4,7,0,1,0,4,12
11/7/19 17:21,54,10,85,15,13,13,3,5,0,1,0,6,12
11/7/19 17:22,63,10,85,15,11,12,2,5,0,1,0,5,12
11/7/19 17:23,52,12,85,15,13,14,3,6,0,1,0,4,12
11/7/19 17:24,56,15,85,16,12,13,3,5,0,1,0,6,13
11/7/19 17:25,47,10,83,17,12,12,2,5,0,1,0,5,12
11/7/19 17:26,55,10,83,17,10,11,2,6,0,1,0,4,13
11/7/19 17:27,63,9,84,16,10,11,3,6,0,1,0,4,13
11/7/19 17:28,54,1,86,14,7,8,2,4,0,0,0,3,12
11/7/19 17:29,56,2,85,15,8,8,2,5,0,0,0,2,12
11/7/19 17:30,47,1,86,15,7,8,1,4,0,0,0,3,11
11/7/19 17:31,55,1,85,15,8,8,2,4,0,0,0,2,12
11/7/19 17:32,66,1,85,15,8,8,2,4,0,0,0,2,12
11/7/19 17:33,53,1,85,15,8,8,2,4,0,0,0,2,11
11/7/19 17:34,56,1,85,15,7,8,2,4,0,0,0,2,12
11/7/19 17:35,48,3,85,15,11,11,2,5,0,0,0,3,11
11/7/19 17:36,54,4,85,15,9,9,2,5,0,0,0,3,12
11/7/19 17:37,64,4,85,15,9,9,2,4,0,1,0,3,11
11/7/19 17:38,55,5,85,15,11,11,3,5,0,1,0,4,12
11/7/19 17:39,64,8,85,15,11,12,3,5,0,1,0,4,13
11/7/19 17:40,47,8,85,15,12,13,2,5,0,1,0,5,12
11/7/19 17:41,57,10,85,15,13,13,3,6,0,1,0,5,13
11/7/19 17:42,62,10,85,15,11,12,3,5,0,1,0,6,12
11/7/19 17:43,54,7,85,15,9,9,2,4,0,1,0,4,12
11/7/19 17:44,64,5,86,14,9,9,2,4,0,0,0,3,30
11/7/19 17:45,50,2,86,14,8,9,1,6,0,0,0,2,12
11/7/19 17:46,55,2,85,15,8,9,2,5,0,0,0,3,22
11/7/19 17:47,82,3,85,15,10,11,3,6,0,0,0,3,33
11/7/19 17:48,98,4,85,15,9,10,2,5,0,1,0,4,72
11/7/19 17:49,78,4,85,15,9,10,2,5,0,0,0,3,37
11/7/19 17:50,54,4,85,15,10,10,9,8,0,0,0,3,50
11/7/19 17:51,54,6,85,15,11,11,3,5,0,1,0,4,12
11/7/19 17:52,77,7,85,15,13,13,4,5,0,1,0,6,39
11/7/19 17:53,55,9,85,15,12,13,2,6,0,1,0,6,12
11/7/19 17:54,55,9,85,15,10,11,3,5,0,1,0,4,12
11/7/19 17:55,47,11,84,16,14,15,3,6,0,1,0,6,11
11/7/19 17:56,54,11,84,16,8,9,1,4,0,1,0,5,12
11/7/19 17:57,90,8,83,17,11,12,3,5,0,1,0,5,27
11/7/19 17:58,52,6,85,15,9,10,2,6,0,0,0,3,11
11/7/19 17:59,54,4,85,15,8,8,2,4,0,0,0,3,11
11/7/19 18:00,47,3,85,15,9,10,1,6,0,0,0,2,11
11/7/19 18:01,54,7,85,15,14,14,4,7,0,1,0,4,12
11/7/19 18:02,63,7,85,15,11,11,2,5,0,1,0,5,12
11/7/19 18:03,54,7,85,15,7,8,2,4,0,0,0,4,12
11/7/19 18:04,84,7,85,15,9,10,2,5,0,0,0,3,29
11/7/19 18:05,47,4,85,15,8,8,1,4,0,0,0,3,11
11/7/19 18:06,53,2,85,15,8,9,2,5,0,0,0,2,12
11/7/19 18:07,64,2,85,15,8,9,2,5,0,0,0,3,12
11/7/19 18:08,55,1,85,15,8,8,2,4,0,0,0,3,12
11/7/19 18:09,55,3,85,15,11,11,3,5,0,0,0,3,12
11/7/19 18:10,47,4,85,15,9,9,1,5,0,0,0,3,12
11/7/19 18:11,62,4,85,15,8,9,2,4,0,0,0,3,22
11/7/19 18:12,96,4,85,15,9,9,2,5,0,1,0,4,10
11/7/19 18:13,55,4,85,15,8,8,2,4,0,0,0,3,12
11/7/19 18:14,55,4,85,15,11,11,3,5,0,0,0,3,12
11/7/19 18:15,48,7,85,15,13,14,3,7,0,1,0,4,12
11/7/19 18:16,54,7,85,15,8,9,2,4,0,1,0,4,12
11/7/19 18:17,65,7,85,15,10,11,3,5,0,1,0,4,12
11/7/19 18:18,54,9,85,15,12,12,3,5,0,1,0,4,11
11/7/19 18:19,59,7,85,15,8,9,2,4,0,1,0,4,12
11/7/19 18:20,47,5,84,16,10,10,1,6,0,0,0,3,12
11/7/19 18:21,55,6,84,16,11,11,3,5,0,1,0,4,12
11/7/19 18:22,62,8,84,16,10,10,2,5,0,0,0,4,12
11/7/19 18:23,53,5,84,16,10,11,3,5,0,6,0,24,23
11/7/19 18:24,55,5,85,15,8,9,2,5,0,5,0,21,24
11/7/19 18:25,52,6,85,15,10,11,2,5,0,6,0,26,32
11/7/19 18:26,53,4,85,15,10,11,2,5,0,8,0,34,19
11/7/19 18:27,93,6,85,15,12,12,3,5,0,5,0,23,25
11/7/19 18:28,63,8,85,15,11,11,3,6,0,5,0,21,33
11/7/19 18:29,76,7,85,15,10,11,2,5,0,5,0,21,30
11/7/19 18:30,48,5,85,15,8,9,1,4,0,0,0,3,25
11/7/19 18:31,54,4,85,15,9,10,2,5,0,5,0,22,29
11/7/19 18:32,93,4,86,14,12,13,4,6,0,0,0,3,33
11/7/19 18:33,84,5,85,15,9,9,2,5,0,0,0,3,21
11/7/19 18:34,55,6,85,15,12,13,3,5,0,1,0,5,12
11/7/19 18:35,48,9,85,15,14,14,3,6,0,1,0,4,12
11/7/19 18:36,66,12,85,15,11,12,2,5,0,1,0,6,129
11/7/19 18:37,69,10,85,15,13,13,3,6,0,1,0,6,13
11/7/19 18:38,56,9,85,15,8,9,1,5,0,0,0,3,12
11/7/19 18:39,53,7,85,15,10,11,2,5,0,1,0,5,11
11/7/19 18:40,48,2,85,16,8,9,1,5,0,0,0,3,12
11/7/19 18:41,54,1,85,16,8,8,2,4,0,0,0,3,12
11/7/19 18:42,64,3,85,15,9,10,3,7,0,0,0,3,12
11/7/19 18:43,54,3,85,15,11,11,3,5,0,1,0,4,11
11/7/19 18:44,54,4,85,15,8,9,2,4,0,0,0,3,12
11/7/19 18:45,48,6,85,15,12,12,3,5,0,1,0,5,12
11/7/19 18:46,53,6,85,15,9,10,2,4,0,0,0,4,12
11/7/19 18:47,64,7,85,15,10,10,2,5,0,1,0,5,12
11/7/19 18:48,55,4,85,15,8,8,2,4,0,0,0,3,12
11/7/19 18:49,53,5,85,15,9,10,2,6,0,0,0,3,12
11/7/19 18:50,48,1,84,16,8,9,2,4,0,0,0,3,11
11/7/19 18:51,53,1,84,16,8,8,1,4,0,0,0,2,12
11/7/19 18:52,64,2,85,15,8,9,2,5,0,0,0,2,12
11/7/19 18:53,54,4,85,15,11,12,3,5,0,1,0,4,12
11/7/19 18:54,103,4,85,15,10,11,3,7,0,1,0,4,23
11/7/19 18:55,54,5,85,15,37,37,11,13,0,0,0,3,470
11/7/19 18:56,98,9,85,15,21,21,7,11,0,1,0,4,22
11/7/19 18:57,77,8,85,15,12,12,3,6,0,1,0,5,166
11/7/19 18:58,55,10,85,15,12,13,3,5,0,1,0,5,12
11/7/19 18:59,55,11,85,15,11,12,3,6,0,1,0,5,13
11/7/19 19:00,47,5,86,14,8,8,1,4,0,1,0,4,14
11/7/19 19:01,53,5,86,14,8,9,2,4,0,0,0,3,13
11/7/19 19:02,63,3,85,15,9,10,3,7,0,0,0,2,12
11/7/19 19:03,55,1,85,15,7,8,1,4,0,0,0,3,12
11/7/19 19:04,55,3,85,15,9,9,3,6,0,0,0,2,12
11/7/19 19:05,47,3,85,15,10,10,2,5,0,1,0,6,13
11/7/19 19:06,53,4,85,15,9,10,2,5,0,0,0,3,13
11/7/19 19:07,63,4,85,15,8,8,2,4,0,0,0,3,13
11/7/19 19:08,53,5,85,15,11,12,3,5,0,0,0,3,13
11/7/19 19:09,55,10,85,15,14,14,4,6,0,1,0,5,12
11/7/19 19:10,48,10,85,15,13,14,2,5,0,1,0,6,13
11/7/19 19:11,54,11,85,15,10,10,2,6,0,1,0,5,13
11/7/19 19:12,68,10,85,15,10,11,3,5,0,1,0,4,13
11/7/19 19:13,56,5,84,16,9,9,2,5,0,0,0,3,12
11/7/19 19:14,56,2,85,15,7,8,2,4,0,0,0,2,13
11/7/19 19:15,49,6,84,16,12,13,3,6,0,1,0,4,12
11/7/19 19:16,62,5,85,15,10,10,2,6,0,0,0,3,13
11/7/19 19:17,67,4,85,15,9,9,3,5,0,1,0,4,12
11/7/19 19:18,55,6,85,15,11,12,3,5,0,0,0,4,12
11/7/19 19:19,56,6,85,15,13,13,4,5,0,1,0,4,13
11/7/19 19:20,48,7,85,15,10,11,2,5,0,1,0,5,13
11/7/19 19:21,53,8,85,15,9,9,2,5,0,0,0,3,12
11/7/19 19:22,62,7,85,15,10,11,3,5,0,1,0,5,12
11/7/19 19:23,53,7,84,16,12,12,3,5,0,1,0,4,13
11/7/19 19:24,55,5,85,15,9,10,2,6,0,0,0,3,13
11/7/19 19:25,49,5,85,15,8,9,1,5,0,0,0,3,12
11/7/19 19:26,53,4,85,15,8,9,2,4,0,0,0,3,13
11/7/19 19:27,63,4,85,15,8,8,2,4,0,0,0,3,13
11/7/19 19:28,54,4,85,15,12,12,3,5,0,0,0,3,12
11/7/19 19:29,57,5,85,15,9,10,2,6,0,1,0,4,12
11/7/19 19:30,47,4,85,15,7,8,1,4,0,0,0,3,12
11/7/19 19:31,52,4,85,15,8,9,2,4,0,0,0,3,13
11/7/19 19:32,65,1,86,15,8,9,2,4,0,0,0,3,13
11/7/19 19:33,54,1,85,15,8,8,2,4,0,0,0,3,12
11/7/19 19:34,54,3,85,15,11,12,3,5,0,0,0,3,12
11/7/19 19:35,48,6,85,15,11,12,2,5,0,0,0,4,12
11/7/19 19:36,55,7,85,15,9,9,1,5,0,1,0,4,13
11/7/19 19:37,67,7,85,15,10,11,3,5,0,1,0,3,13
11/7/19 19:38,56,8,85,15,12,12,3,5,0,1,0,4,12
11/7/19 19:39,54,7,84,16,9,10,2,5,0,1,0,4,12
11/7/19 19:40,48,5,85,15,9,10,1,6,0,0,0,4,12
11/7/19 19:41,52,5,85,15,9,9,2,5,0,0,0,3,12
11/7/19 19:42,62,8,85,15,15,15,5,6,0,1,0,5,13
11/7/19 19:43,54,10,85,15,12,12,2,5,0,1,0,5,13
11/7/19 19:44,53,11,85,15,13,14,2,7,0,1,0,6,14
11/7/19 19:45,47,10,85,15,8,8,1,4,0,0,0,3,13
11/7/19 19:46,53,10,85,15,11,11,2,5,0,1,0,5,13
11/7/19 19:47,63,1,85,16,8,8,2,4,0,0,0,2,13
11/7/19 19:48,55,2,84,16,8,9,2,6,0,0,0,2,12
11/7/19 19:49,54,3,85,15,9,10,2,7,0,0,0,3,12
11/7/19 19:50,48,1,85,15,7,8,1,4,0,0,0,3,13
11/7/19 19:51,53,2,85,15,9,10,2,5,0,0,0,3,13
11/7/19 19:52,65,5,85,15,11,12,3,5,0,0,0,3,13
11/7/19 19:53,55,8,85,15,14,14,3,6,0,1,0,6,13
11/7/19 19:54,53,9,85,15,9,10,2,5,0,1,0,4,13
11/7/19 19:55,48,10,85,15,9,10,2,5,0,1,0,4,13
11/7/19 19:56,54,9,85,15,12,12,3,5,0,1,0,4,12
11/7/19 19:57,65,9,85,15,11,11,3,6,0,1,0,4,13
11/7/19 19:58,55,5,86,14,10,10,2,5,0,1,0,4,13
11/7/19 19:59,54,6,85,15,8,9,2,6,0,0,0,2,13
11/7/19 20:00,47,4,85,15,9,9,2,5,0,1,0,4,12
11/7/19 20:01,53,1,84,16,7,8,1,4,0,0,0,2,11
11/7/19 20:02,64,1,84,16,7,8,2,4,0,0,0,2,12
11/7/19 20:03,55,2,85,15,8,8,2,5,0,0,0,2,12
11/7/19 20:04,55,1,85,15,8,8,2,4,0,0,0,3,13
11/7/19 20:05,48,2,85,15,9,9,2,5,0,0,0,2,12
11/7/19 20:06,53,6,85,15,13,14,3,5,0,1,0,5,12
11/7/19 20:07,63,9,85,15,14,14,3,6,0,1,0,5,13
11/7/19 20:08,54,12,85,15,11,12,3,5,0,1,0,5,12
11/7/19 20:09,55,12,85,15,13,14,3,6,0,1,0,6,13
11/7/19 20:10,48,13,85,15,11,11,3,5,0,1,0,5,13
11/7/19 20:11,55,12,85,15,11,11,2,5,0,1,0,5,13
11/7/19 20:12,65,8,84,16,12,12,3,8,0,1,0,5,13
11/7/19 20:13,55,7,85,15,11,12,3,6,0,1,0,4,12
11/7/19 20:14,54,8,85,15,11,11,3,6,0,0,0,4,12
11/7/19 20:15,48,4,85,15,9,10,1,5,0,1,0,4,11
11/7/19 20:16,54,5,85,15,8,9,1,5,0,1,0,4,12
11/7/19 20:17,65,4,85,15,10,10,3,5,0,0,0,3,12
11/7/19 20:18,53,1,86,15,8,8,2,4,0,0,0,2,13
11/7/19 20:19,54,1,86,15,8,9,2,4,0,0,0,3,13
11/7/19 20:20,48,2,85,15,8,8,1,5,0,0,0,2,12
11/7/19 20:21,53,1,85,15,7,8,1,4,0,0,0,2,12
11/7/19 20:22,114,2,85,15,9,10,2,5,0,0,0,2,28
11/7/19 20:23,55,3,85,15,10,10,3,5,0,0,0,3,13
11/7/19 20:24,55,6,85,15,12,13,3,5,0,1,0,4,12
11/7/19 20:25,48,7,85,15,7,8,1,4,0,0,0,3,13
11/7/19 20:26,60,7,85,15,10,11,2,5,0,1,0,4,15
11/7/19 20:27,63,6,84,16,13,14,4,5,0,1,0,3,13
11/7/19 20:28,60,7,84,16,8,8,2,4,0,1,0,4,58
11/7/19 20:29,59,5,85,15,9,10,2,6,0,0,0,3,13
11/7/19 20:30,47,6,85,15,10,11,2,6,0,0,0,3,12
11/7/19 20:31,52,7,85,15,9,10,2,5,0,1,0,4,12
11/7/19 20:32,134,5,85,15,12,12,4,6,0,1,0,4,63
11/7/19 20:33,159,9,85,15,21,19,35,27,0,1,0,4,119
11/7/19 20:34,185,10,85,15,26,25,37,26,0,1,0,6,159
11/7/19 20:35,93,7,85,15,18,18,13,13,0,1,0,4,220
11/7/19 20:36,111,8,85,15,25,25,26,21,0,0,0,3,237
11/7/19 20:37,87,6,84,16,34,34,34,26,0,1,0,3,233
11/7/19 20:38,60,4,84,16,20,20,10,9,0,1,0,4,20
11/7/19 20:39,53,5,85,15,10,11,2,6,0,0,0,4,13
11/7/19 20:40,48,4,85,15,7,8,1,4,0,0,0,3,12
11/7/19 20:41,56,4,85,15,9,9,2,5,0,0,0,3,12
11/7/19 20:42,66,1,85,15,8,8,2,4,0,0,0,2,12
11/7/19 20:43,54,5,85,15,14,14,4,7,0,1,0,4,12
11/7/19 20:44,54,6,85,15,8,9,2,4,0,1,0,4,13
11/7/19 20:45,48,7,85,15,11,11,1,5,0,1,0,5,13
11/7/19 20:46,53,7,85,15,8,9,2,4,0,0,0,3,13
11/7/19 20:47,64,8,85,15,11,12,3,5,0,1,0,4,16
11/7/19 20:48,55,4,86,15,10,10,2,5,0,0,0,3,13
11/7/19 20:49,56,10,85,15,19,18,5,9,0,1,0,6,13
11/7/19 20:50,47,9,85,15,8,9,1,4,0,1,0,4,13
11/7/19 20:51,53,9,85,15,12,13,2,5,0,1,0,6,13
11/7/19 20:52,62,8,85,15,9,10,2,4,0,0,0,3,13
11/7/19 20:53,54,8,85,15,10,10,2,6,0,1,0,4,13
11/7/19 20:54,54,1,85,15,7,8,1,4,0,0,0,2,12
11/7/19 20:55,47,2,85,15,7,8,1,5,0,0,0,2,12
11/7/19 20:56,53,1,86,15,7,8,2,4,0,0,0,3,12
11/7/19 20:57,63,1,86,15,8,9,2,4,0,0,0,2,12
11/7/19 20:58,54,3,85,15,11,11,3,5,0,0,0,3,12
11/7/19 20:59,55,5,85,15,10,10,3,5,0,0,0,3,12
11/7/19 21:00,47,7,85,15,10,11,2,5,0,1,0,4,12
11/7/19 21:01,56,7,85,15,10,11,2,5,0,0,0,4,12
11/7/19 21:02,67,7,85,15,8,9,2,4,0,1,0,4,13
11/7/19 21:03,53,5,85,15,11,11,3,5,0,0,0,4,12
11/7/19 21:04,56,5,85,15,10,11,2,6,0,0,0,3,12
11/7/19 21:05,48,5,85,15,9,10,1,6,0,1,0,4,13
11/7/19 21:06,53,4,85,15,8,8,2,4,0,0,0,3,13
11/7/19 21:07,65,5,85,15,11,12,4,5,0,1,0,4,13
11/7/19 21:08,55,4,84,16,9,10,2,5,0,1,0,4,13
11/7/19 21:09,53,4,84,16,9,9,2,5,0,0,0,4,13
11/7/19 21:10,47,7,85,15,17,13,10,6,0,1,0,7,14
11/7/19 21:11,52,7,85,15,9,10,2,5,0,1,0,5,12
11/7/19 21:12,66,6,85,15,12,13,3,5,0,1,0,5,13
11/7/19 21:13,55,11,85,15,22,18,13,6,0,2,0,9,14
11/7/19 21:14,55,14,85,16,10,11,2,6,0,1,0,6,12
11/7/19 21:15,48,11,85,15,11,12,2,5,0,1,0,6,13
11/7/19 21:16,53,11,85,15,10,10,2,5,0,1,0,5,13
11/7/19 21:17,62,9,85,15,9,10,2,6,0,1,0,5,12
11/7/19 21:18,55,1,86,14,7,8,2,4,0,0,0,3,12
11/7/19 21:19,55,3,85,15,9,10,2,7,0,0,0,3,11
11/7/19 21:20,49,2,85,15,8,8,1,5,0,0,0,3,13
11/7/19 21:21,55,1,85,15,7,8,1,4,0,0,0,3,12
11/7/19 21:22,67,1,85,15,8,8,2,4,0,0,0,3,12
11/7/19 21:23,55,1,85,15,7,8,2,4,0,0,0,2,12
11/7/19 21:24,55,4,85,15,11,12,3,5,0,1,0,4,12
11/7/19 21:25,48,4,85,15,8,9,1,4,0,0,0,3,13
11/7/19 21:26,54,5,85,15,10,10,2,5,0,1,0,4,12
11/7/19 21:27,62,8,85,15,12,13,4,5,0,1,0,4,13
11/7/19 21:28,55,9,85,15,11,12,3,5,0,1,0,6,13
11/7/19 21:29,99,9,84,16,13,14,9,8,0,1,0,6,80
11/7/19 21:30,127,11,84,16,16,16,22,17,0,1,0,5,66
11/7/19 21:31,57,10,83,17,15,15,4,7,0,1,0,6,19
11/7/19 21:32,65,9,84,16,9,10,3,5,0,1,0,4,12
11/7/19 21:33,54,8,85,15,10,11,3,5,0,1,0,5,12
11/7/19 21:34,56,6,85,15,8,9,2,5,0,0,0,3,12
11/7/19 21:35,48,5,85,15,9,10,2,6,0,1,0,4,11
11/7/19 21:36,54,6,85,15,15,16,4,6,0,1,0,5,12
11/7/19 21:37,87,9,85,15,16,16,4,6,0,1,0,7,13
11/7/19 21:38,76,12,85,15,11,12,3,6,0,1,0,5,83
11/7/19 21:39,63,12,85,15,13,14,3,6,0,2,0,8,14
11/7/19 21:40,67,12,85,15,10,10,2,5,0,1,0,6,115
11/7/19 21:41,54,8,85,15,8,9,1,5,0,1,0,4,11
11/7/19 21:42,64,7,85,15,11,12,3,7,0,1,0,5,12
11/7/19 21:43,54,2,85,15,8,8,2,6,0,0,0,4,11
11/7/19 21:44,56,1,85,15,7,8,2,4,0,0,0,3,12
11/7/19 21:45,48,1,85,15,8,9,2,4,0,0,0,3,11
11/7/19 21:46,55,1,85,15,7,8,2,4,0,0,0,3,12
11/7/19 21:47,64,1,85,15,9,10,3,5,0,1,0,3,11
11/7/19 21:48,54,1,85,15,8,8,2,4,0,0,0,3,11
11/7/19 21:49,59,5,85,15,14,14,4,6,0,0,0,4,13